CLIENT_ID,RECENCE_JOURS,FREQUENCE,NOMBRE_POLICES,MONTANT_PRIMES_FCFA,MONTANT_COMMISSIONS_FCFA,DERNIERE_OPERATION,CLUSTER,SEGMENT_CLIENT,PCA_1,PCA_2
CLIENT_0001,583,2,2,275900,36000,2025-01-05,0,OCCASIONNELS,-0.17508015868831772,0.8906049044166259
CLIENT_0002,933,1,1,676500,114600,2024-01-21,0,OCCASIONNELS,-1.07308299417955,2.0640174448174804
CLIENT_0003,775,2,1,78700,10700,2024-06-27,0,OCCASIONNELS,-0.8753645511778945,1.0558128274954188
CLIENT_0004,203,3,3,384000,50400,2026-01-20,2,STRATÉGIQUES,0.9709423736665378,-0.02376929006571081
CLIENT_0005,555,2,1,90000,11100,2025-02-02,0,OCCASIONNELS,-0.4226108980045583,0.482188541138427
CLIENT_0006,40,4,3,91400,9900,2026-07-02,2,STRATÉGIQUES,1.1563432396927718,-0.8647420763155425
CLIENT_0007,155,5,1,150700,18600,2026-03-09,2,STRATÉGIQUES,1.2865357928805023,-0.3667777425425586
CLIENT_0008,207,5,2,643300,83800,2026-01-16,2,STRATÉGIQUES,1.577439764574062,0.20617786614037678
CLIENT_0009,147,3,1,141300,17400,2026-03-17,2,STRATÉGIQUES,0.8087767304803073,-0.4746998950119888
CLIENT_0010,220,12,5,7968800,1099300,2026-01-03,2,STRATÉGIQUES,3.1350699195976457,1.1116838983435566
CLIENT_0011,220,3,1,455200,60600,2026-01-03,2,STRATÉGIQUES,0.984377334018382,0.07377753361786736
CLIENT_0012,358,4,1,129300,16000,2025-08-18,2,STRATÉGIQUES,0.6470174894071861,0.12390224987185638
CLIENT_0013,34,6,3,178900,22200,2026-07-08,2,STRATÉGIQUES,1.7426037513302366,-0.628113040647443
CLIENT_0014,77,5,2,194900,23900,2026-05-26,2,STRATÉGIQUES,1.5033034821620817,-0.5083309582207732
CLIENT_0015,276,7,3,445000,56400,2025-11-08,2,STRATÉGIQUES,1.6853132395810846,0.3370837979077746
CLIENT_0016,709,2,1,57500,6600,2024-09-01,0,OCCASIONNELS,-0.8345496401467072,0.7792940935570939
CLIENT_0017,197,3,1,174100,21600,2026-01-26,2,STRATÉGIQUES,0.7700686055234207,-0.2737758898223857
CLIENT_0018,932,1,1,20300,2100,2024-01-22,0,OCCASIONNELS,-2.011972202907034,1.027168918431381
CLIENT_0019,555,2,2,137100,17600,2025-02-02,0,OCCASIONNELS,-0.30967784672000165,0.6063187904986527
CLIENT_0020,683,5,1,123400,15300,2024-09-27,0,OCCASIONNELS,0.23269830314843576,1.045941061731307
CLIENT_0021,95,5,3,249300,30800,2026-05-08,2,STRATÉGIQUES,1.535256264394734,-0.3855608892694626
CLIENT_0022,197,3,2,347100,46000,2026-01-26,2,STRATÉGIQUES,0.9552007220869847,-0.0702881107158267
CLIENT_0023,107,5,3,681000,89100,2026-04-26,2,STRATÉGIQUES,1.7821547614169715,-0.05574985500709071
CLIENT_0024,130,9,1,164900,21500,2026-04-03,2,STRATÉGIQUES,1.9572819925388456,-0.3259581822058553
CLIENT_0025,914,2,1,115400,14200,2024-02-09,0,OCCASIONNELS,-1.035978521321499,1.556120748945064
CLIENT_0026,26,5,1,195800,24200,2026-07-16,2,STRATÉGIQUES,1.6011510643481586,-0.6491212887072502
CLIENT_0027,222,8,3,2087800,281300,2026-01-01,2,STRATÉGIQUES,2.340532510403951,0.6618100490599016
CLIENT_0028,913,1,1,14500,1300,2024-02-10,0,OCCASIONNELS,-2.066255008622338,0.8749854266685121
CLIENT_0029,160,4,2,115700,14100,2026-03-04,2,STRATÉGIQUES,0.9922782873756073,-0.4607458990765548
CLIENT_0030,912,1,1,47500,5900,2024-02-11,0,OCCASIONNELS,-1.7459958944602183,1.2221285087971994
CLIENT_0031,561,3,1,222000,28800,2025-01-27,0,OCCASIONNELS,0.14574121347503236,0.8124568994100454
CLIENT_0032,913,1,1,4765500,801300,2024-02-10,0,OCCASIONNELS,-0.5113849561655581,2.584019275828315
CLIENT_0033,611,2,1,270400,35200,2024-12-08,0,OCCASIONNELS,-0.233524536847086,0.9627090260774678
CLIENT_0034,246,5,3,104300,12500,2025-12-08,2,STRATÉGIQUES,1.0154062307097464,-0.22167412415886856
CLIENT_0035,31,5,1,180600,22200,2026-07-11,2,STRATÉGIQUES,1.569997171485634,-0.6590170584425149
CLIENT_0036,222,3,2,126700,14700,2026-01-01,2,STRATÉGIQUES,0.6374380153079873,-0.2978216683839047
CLIENT_0037,71,5,3,820200,107800,2026-06-01,2,STRATÉGIQUES,1.9002538253886154,-0.10123978922161625
CLIENT_0038,27,8,2,663000,88800,2026-07-15,2,STRATÉGIQUES,2.402147529005192,-0.21999887195630863
CLIENT_0039,172,12,7,8237200,2567900,2026-02-20,2,STRATÉGIQUES,3.234886678506572,0.9876661865654973
CLIENT_0040,202,2,2,87100,10900,2026-01-21,1,FIDÈLES,0.23730376040348364,-0.5113651398166663
CLIENT_0041,931,1,1,519400,69700,2024-01-23,0,OCCASIONNELS,-1.1401986448288222,1.9805085450647717
CLIENT_0042,609,3,2,187100,25100,2024-12-10,0,OCCASIONNELS,0.008921990103584814,0.8958033897128039
CLIENT_0043,155,73,16,498522500,55394400,2026-03-09,2,STRATÉGIQUES,6.40806255663292,2.4361176625572654
CLIENT_0044,923,1,1,122400,16600,2024-01-31,0,OCCASIONNELS,-1.5128595096866975,1.5319435312350307
CLIENT_0045,16,15,8,2344700,318000,2026-07-26,2,STRATÉGIQUES,3.4368377125714766,0.21641301535817867
CLIENT_0046,204,4,2,231300,28500,2026-01-19,2,STRATÉGIQUES,1.094791976467686,-0.13381447968116433
CLIENT_0047,193,4,2,316700,40700,2026-01-30,2,STRATÉGIQUES,1.1999445974098908,-0.07179948284935672
CLIENT_0048,258,3,2,292200,40200,2025-11-26,2,STRATÉGIQUES,0.7934490231669021,0.04895607468246197
CLIENT_0049,934,1,1,20500,2100,2024-01-20,0,OCCASIONNELS,-2.0131304539283095,1.0356346280571662
CLIENT_0050,14,156,4,6727200,897200,2026-07-28,2,STRATÉGIQUES,6.402286157862192,0.8969553602777708
CLIENT_0051,147,23,15,20982600,2300700,2026-03-17,2,STRATÉGIQUES,4.252333945233969,1.2944948418387314
CLIENT_0052,555,3,2,384600,51600,2025-02-02,0,OCCASIONNELS,0.3045530028217289,0.9577983172145311
CLIENT_0053,479,3,3,453500,58300,2025-04-19,2,STRATÉGIQUES,0.49273889975853363,0.7945682533890976
CLIENT_0054,117,7,6,81300,5200,2026-04-16,2,STRATÉGIQUES,1.5303998312322091,-0.6074237238879758
CLIENT_0055,935,1,1,12600,700,2024-01-19,0,OCCASIONNELS,-2.1456130859069615,0.8948858768377616
CLIENT_0056,46,4,2,302200,42100,2026-06-26,2,STRATÉGIQUES,1.4658380405938916,-0.49534477801090426
CLIENT_0057,911,1,1,90000,12300,2024-02-12,0,OCCASIONNELS,-1.5726294108282588,1.4078147043060016
CLIENT_0058,561,2,1,300900,40100,2025-01-27,0,OCCASIONNELS,-0.11013120258245766,0.8548666832437845
CLIENT_0059,69,13,4,1388600,181300,2026-06-03,2,STRATÉGIQUES,3.0392380828279904,0.18769714669388204
CLIENT_0060,207,6,3,35846600,4803200,2026-01-16,2,STRATÉGIQUES,2.8369987175132385,1.4171962878930349
CLIENT_0061,76,8,1,417100,55600,2026-05-27,2,STRATÉGIQUES,2.1849746571049367,-0.22010361331670053
CLIENT_0062,934,1,1,70100,8800,2024-01-20,0,OCCASIONNELS,-1.6832468486425758,1.398225859925954
CLIENT_0063,188,3,2,162700,20000,2026-02-04,2,STRATÉGIQUES,0.7689469980506956,-0.31883330384593556
CLIENT_0064,112,8,2,203600,24500,2026-04-21,2,STRATÉGIQUES,1.9243518270139224,-0.3312685328135012
CLIENT_0065,750,2,1,266500,35800,2024-07-22,0,OCCASIONNELS,-0.5007361300960236,1.345850277657087
CLIENT_0066,934,1,1,0,0,2024-01-20,3,À RÉACTIVER,-4.677024291452006,-1.8923815953582312
CLIENT_0067,202,13,7,3128400,418000,2026-01-21,2,STRATÉGIQUES,3.0052229401541117,0.7979396414065989
CLIENT_0068,241,3,1,1314500,177000,2025-12-13,2,STRATÉGIQUES,1.2291371744445252,0.4450624659424343
CLIENT_0069,912,1,1,248400,32400,2024-02-11,0,OCCASIONNELS,-1.3021239225200303,1.7100099388501315
CLIENT_0070,171,5,2,271500,35800,2026-02-21,2,STRATÉGIQUES,1.4141748661454416,-0.14857298342588024
CLIENT_0071,919,1,1,92500,11700,2024-02-04,0,OCCASIONNELS,-1.5804326663880215,1.4381929640998268
CLIENT_0072,8,13,10,1385800,178900,2026-08-03,2,STRATÉGIQUES,3.1542513460401387,0.01708045685033249
CLIENT_0073,109,14,7,268100,35300,2026-04-24,2,STRATÉGIQUES,2.6031021317576157,-0.1745244677115714
CLIENT_0074,28,11,1,138400,17300,2026-07-14,2,STRATÉGIQUES,2.317371925698381,-0.6319621824975467
CLIENT_0075,135,10,7,2009800,266900,2026-03-29,2,STRATÉGIQUES,2.730521725620198,0.44106743694979145
CLIENT_0076,347,14,10,16508000,2642000,2025-08-29,2,STRATÉGIQUES,3.257770558186866,1.7039708805595608
CLIENT_0077,223,5,1,2451400,324900,2025-12-31,2,STRATÉGIQUES,1.9060828528050868,0.6453159854766302
CLIENT_0078,210,4,1,1116300,149400,2026-01-13,2,STRATÉGIQUES,1.5057689148112898,0.34712680758914544
CLIENT_0079,768,2,1,50700,5700,2024-07-04,0,OCCASIONNELS,-0.9800850570540955,0.9066235888989624
CLIENT_0080,564,2,1,109000,14000,2025-01-24,0,OCCASIONNELS,-0.38826789681706003,0.5637612165403165
CLIENT_0081,583,2,1,115400,14900,2025-01-05,0,OCCASIONNELS,-0.4089514124893455,0.633545551797504
CLIENT_0082,193,5,1,127200,15800,2026-01-30,2,STRATÉGIQUES,1.169063553967747,-0.3108600341300308
CLIENT_0083,284,3,3,57100,6700,2025-10-31,1,FIDÈLES,0.30613944587983605,-0.3600653545836133
CLIENT_0084,35,25,14,1177400,143000,2026-07-07,2,STRATÉGIQUES,3.7855441374311445,0.145999841407178
CLIENT_0085,188,14,6,825700,81800,2026-02-04,2,STRATÉGIQUES,2.755268470901349,0.3774116130575747
CLIENT_0086,912,1,1,126500,16400,2024-02-11,0,OCCASIONNELS,-1.4831813922110966,1.511000803741808
CLIENT_0087,6,3,1,91400,10100,2026-08-05,2,STRATÉGIQUES,0.9589912057895165,-0.9961772107819168
CLIENT_0088,904,1,1,47900,5800,2024-02-19,0,OCCASIONNELS,-1.7285911728131411,1.2023036907645377
CLIENT_0089,200,3,1,42400,4500,2026-01-23,1,FIDÈLES,0.3854002429740526,-0.6819755322543818
CLIENT_0090,906,1,1,63900,5200,2024-02-17,0,OCCASIONNELS,-1.6550518093341524,1.292873207991949
CLIENT_0091,906,1,1,68400,5600,2024-02-17,0,OCCASIONNELS,-1.6367923131285647,1.3129431148209134
CLIENT_0092,206,4,2,206500,25100,2026-01-17,2,STRATÉGIQUES,1.0605724321072985,-0.16168805726736588
CLIENT_0093,546,2,1,79600,10200,2025-02-11,0,OCCASIONNELS,-0.4385093418605769,0.42088918231528333
CLIENT_0094,260,6,2,456300,60500,2025-11-24,2,STRATÉGIQUES,1.565711353012028,0.2779402658168845
CLIENT_0095,134,5,1,437300,54300,2026-03-30,2,STRATÉGIQUES,1.6121594958440815,-0.11112617871653109
CLIENT_0096,115,5,2,229600,29200,2026-04-18,2,STRATÉGIQUES,1.4752822716829097,-0.35409324216927934
CLIENT_0097,906,1,1,12700,600,2024-02-17,0,OCCASIONNELS,-2.088556264626442,0.8163872234008349
CLIENT_0098,362,3,1,297500,40000,2025-08-14,2,STRATÉGIQUES,0.6012606268846911,0.34412999632988994
CLIENT_0099,203,4,3,2325000,279600,2026-01-20,2,STRATÉGIQUES,1.7158920835264777,0.5439976762153755
CLIENT_0100,487,4,4,1531400,207500,2025-04-11,2,STRATÉGIQUES,1.0658674243846538,1.2124333375710155
CLIENT_0101,168,5,1,416800,56000,2026-02-24,2,STRATÉGIQUES,1.534869302825711,-0.030520015240432023
CLIENT_0102,527,3,3,130900,10000,2025-03-02,0,OCCASIONNELS,0.06841390437183521,0.5619030644994286
CLIENT_0103,501,3,3,73900,5600,2025-03-28,0,OCCASIONNELS,-0.03573297113464016,0.3208257305080857
CLIENT_0104,490,2,2,91000,7200,2025-04-08,0,OCCASIONNELS,-0.29651388105365345,0.3042769478982775
CLIENT_0105,201,3,1,212100,26500,2026-01-22,2,STRATÉGIQUES,0.8154638819677564,-0.20440211739225542
CLIENT_0106,77,4,2,129000,16100,2026-05-26,2,STRATÉGIQUES,1.178704252957095,-0.6599961899099202
CLIENT_0107,723,2,2,71700,8100,2024-08-18,0,OCCASIONNELS,-0.8018526474831134,0.8834045605185111
CLIENT_0108,910,1,1,52200,6400,2024-02-13,0,OCCASIONNELS,-1.7168914420750678,1.2443798382003879
CLIENT_0109,720,2,2,38900,3800,2024-08-21,0,OCCASIONNELS,-0.9602402166384213,0.6947048236076128
CLIENT_0110,906,1,1,170100,16600,2024-02-17,0,OCCASIONNELS,-1.3923559244345731,1.5816151247965033
CLIENT_0111,164,11,3,1457500,192300,2026-02-28,2,STRATÉGIQUES,2.6914419758811676,0.44143494025096386
CLIENT_0112,178,7,2,1179400,157700,2026-02-14,2,STRATÉGIQUES,2.13248155655245,0.35138719899022114
CLIENT_0113,827,3,1,249700,36000,2024-05-06,0,OCCASIONNELS,-0.3266045717223644,1.5885389151649796
CLIENT_0114,922,1,1,13600,1700,2024-02-01,0,OCCASIONNELS,-2.1004961850698796,0.8811738724302011
CLIENT_0115,19,5,3,299400,39600,2026-07-23,2,STRATÉGIQUES,1.7283608519057039,-0.5433845793136857
CLIENT_0116,77,4,3,53200,6000,2026-05-26,2,STRATÉGIQUES,0.9410460327189718,-0.9212179828669995
CLIENT_0117,296,5,5,128700,12700,2025-10-19,2,STRATÉGIQUES,0.9770919148214134,-0.02031726412895236
CLIENT_0118,896,3,3,2324700,372600,2024-02-27,0,OCCASIONNELS,0.141318996731318,2.4388452355686367
CLIENT_0119,914,1,1,95900,12300,2024-02-09,0,OCCASIONNELS,-1.5612755996011098,1.4349024345599144
CLIENT_0120,923,1,1,72800,9200,2024-01-31,0,OCCASIONNELS,-1.652268755514706,1.378711999359135
CLIENT_0121,511,3,1,93000,10900,2025-03-18,0,OCCASIONNELS,0.007004931783861391,0.41649505370994966
CLIENT_0122,512,2,1,113100,13900,2025-03-17,0,OCCASIONNELS,-0.2798548151842217,0.42971454407572396
CLIENT_0123,903,1,1,319700,42000,2024-02-20,0,OCCASIONNELS,-1.2173677271313277,1.7593450251836054
CLIENT_0124,912,1,1,40400,5400,2024-02-11,0,OCCASIONNELS,-1.7894350981703504,1.174382351873113
CLIENT_0125,163,3,1,209300,26200,2026-03-01,2,STRATÉGIQUES,0.8838831824226424,-0.31423631361210247
CLIENT_0126,386,4,2,10064000,978400,2025-07-21,2,STRATÉGIQUES,1.7623747421025597,1.486189249618885
CLIENT_0127,636,3,3,30300,1900,2024-11-13,0,OCCASIONNELS,-0.5306842704388709,0.43416951385195646
CLIENT_0128,900,1,1,51100,6500,2024-02-23,0,OCCASIONNELS,-1.7036624888250655,1.2102264284807474
CLIENT_0129,416,4,1,347600,48400,2025-06-21,2,STRATÉGIQUES,0.8024857686422704,0.5772102540564953
CLIENT_0130,155,8,5,282900,34400,2026-03-09,2,STRATÉGIQUES,1.93115331456082,-0.11440848319814748
CLIENT_0131,811,2,1,109700,14900,2024-05-22,0,OCCASIONNELS,-0.854452701837033,1.254096466803377
CLIENT_0132,757,2,1,41500,5300,2024-07-15,0,OCCASIONNELS,-1.0129715256846268,0.8169130597202512
CLIENT_0133,101,5,2,307100,39900,2026-05-02,2,STRATÉGIQUES,1.5798381221446522,-0.3073423851094466
CLIENT_0134,67,8,4,2688400,387700,2026-06-05,2,STRATÉGIQUES,2.7019949903325977,0.30435416393064585
CLIENT_0135,16,4,2,754100,100600,2026-07-26,2,STRATÉGIQUES,1.7680247383229777,-0.30927857514011164
CLIENT_0136,545,3,2,1132100,113700,2025-02-12,2,STRATÉGIQUES,0.6131758637560061,1.2483268230481162
CLIENT_0137,637,4,2,58900,7100,2024-11-12,0,OCCASIONNELS,-0.09247598294837511,0.6696513552977574
CLIENT_0138,147,3,1,151300,19300,2026-03-17,2,STRATÉGIQUES,0.827123812695941,-0.4545337181084643
CLIENT_0139,105,5,2,560300,74600,2026-04-28,2,STRATÉGIQUES,1.7335979479869834,-0.11885982755769188
CLIENT_0140,895,1,1,15700,1500,2024-02-28,0,OCCASIONNELS,-2.0108239840706967,0.8482631807663554
CLIENT_0141,166,4,2,189200,23500,2026-02-26,2,STRATÉGIQUES,1.1128697863529344,-0.29898147446171974
CLIENT_0142,892,2,1,12900,900,2024-03-02,0,OCCASIONNELS,-1.582210438180216,0.8486036879874527
CLIENT_0143,70,6,2,138400,17300,2026-06-02,2,STRATÉGIQUES,1.605537048459036,-0.6034713675893801
CLIENT_0144,910,1,1,23100,2400,2024-02-13,0,OCCASIONNELS,-1.9356288272498658,1.003954862010407
CLIENT_0145,72,3,1,188900,15300,2026-05-31,2,STRATÉGIQUES,1.0287524733660907,-0.5981187817077778
CLIENT_0146,154,3,2,80900,9000,2026-03-10,1,FIDÈLES,0.645886075730249,-0.6196551935751299
CLIENT_0147,910,1,1,79200,10100,2024-02-13,0,OCCASIONNELS,-1.6050342876658694,1.3673275165957364
CLIENT_0148,536,2,2,153800,19100,2025-02-21,0,OCCASIONNELS,-0.24284476499817323,0.5872597041959252
CLIENT_0149,494,2,1,89700,11100,2025-04-04,0,OCCASIONNELS,-0.30795192086279793,0.3111824381181158
CLIENT_0150,898,1,1,7400,0,2024-02-25,0,OCCASIONNELS,-2.218309292698075,0.634814113259722
CLIENT_0151,904,1,1,25400,2800,2024-02-19,0,OCCASIONNELS,-1.8987962824200884,1.0152229162917057
CLIENT_0152,261,4,2,227600,28600,2025-11-23,2,STRATÉGIQUES,0.9824877036019545,0.020302194033953926
CLIENT_0153,160,3,1,875500,117100,2026-03-04,2,STRATÉGIQUES,1.2735312702760544,0.09943678886286103
CLIENT_0154,889,2,2,83900,10500,2024-03-05,0,OCCASIONNELS,-1.0741522581480658,1.3924271237946744
CLIENT_0155,858,3,3,232800,29400,2024-04-05,0,OCCASIONNELS,-0.4041327390470538,1.6542753093218567
CLIENT_0156,154,4,1,110700,13700,2026-03-10,2,STRATÉGIQUES,0.9917911409762733,-0.49049774575094524
CLIENT_0157,36,65,37,118613300,16166500,2026-07-06,2,STRATÉGIQUES,6.114038096150693,1.6621977371402807
CLIENT_0158,27,5,1,153200,19400,2026-07-15,2,STRATÉGIQUES,1.533426132992521,-0.7186916786329763
CLIENT_0159,891,1,1,68600,8900,2024-03-03,0,OCCASIONNELS,-1.6075937964506268,1.2719956344608077
CLIENT_0160,783,2,2,851100,90800,2024-06-19,0,OCCASIONNELS,-0.2516945634477324,1.7802742654403672
CLIENT_0161,881,1,1,17300,1600,2024-03-13,0,OCCASIONNELS,-1.958265928952293,0.8378607135448204
CLIENT_0162,891,1,1,59000,7300,2024-03-03,0,OCCASIONNELS,-1.6480430287662073,1.2275359015779035
CLIENT_0163,708,2,2,80100,10200,2024-09-02,0,OCCASIONNELS,-0.743712596153497,0.8742681387662916
CLIENT_0164,898,1,1,100,0,2024-02-25,3,À RÉACTIVER,-3.370521422214185,-0.6316386862164368
CLIENT_0165,890,1,1,28200,3700,2024-03-04,0,OCCASIONNELS,-1.844218083841659,1.0070408877157588
CLIENT_0166,508,2,1,100900,12300,2025-03-21,0,OCCASIONNELS,-0.3029033069950735,0.3849032174256534
CLIENT_0167,103,6,3,6050800,976000,2026-04-30,2,STRATÉGIQUES,2.55666208957573,0.6026469626930299
CLIENT_0168,877,1,1,654200,64000,2024-03-17,0,OCCASIONNELS,-0.9759935877980416,1.8980467659928644
CLIENT_0169,877,1,1,30200,3300,2024-03-17,0,OCCASIONNELS,-1.8012073346540223,0.991013908847999
CLIENT_0170,153,6,2,185900,23200,2026-03-11,2,STRATÉGIQUES,1.5274754751874375,-0.2851124642976239
CLIENT_0171,882,1,1,204000,27100,2024-03-12,0,OCCASIONNELS,-1.2981301428323302,1.568317696758123
CLIENT_0172,882,1,1,17200,2200,2024-03-12,0,OCCASIONNELS,-1.9617156347712108,0.8389383729085301
CLIENT_0173,295,4,2,142400,17800,2025-10-20,2,STRATÉGIQUES,0.79225449947568,-0.02323283917995476
CLIENT_0174,712,5,5,557900,71300,2024-08-29,2,STRATÉGIQUES,0.5825807521710192,1.5717266034850472
CLIENT_0175,143,4,3,809300,106800,2026-03-21,2,STRATÉGIQUES,1.5463983538896715,0.06553481230752889
CLIENT_0176,166,3,2,187700,23500,2026-02-26,2,STRATÉGIQUES,0.8489744340799839,-0.33799802902642817
CLIENT_0177,518,5,1,91300,11200,2025-03-11,2,STRATÉGIQUES,0.4644273880499614,0.4971948460349572
CLIENT_0178,136,4,2,112700,13900,2026-03-28,2,STRATÉGIQUES,1.0306935869143636,-0.5353873621574238
CLIENT_0179,66,3,2,216000,17500,2026-06-06,2,STRATÉGIQUES,1.0760888389556105,-0.5753054634376703
CLIENT_0180,887,1,1,42100,5100,2024-03-07,0,OCCASIONNELS,-1.7310174230757671,1.1168570796667852
CLIENT_0181,878,1,1,22800,1500,2024-03-16,0,OCCASIONNELS,-1.8785171764285011,0.9109082743074051
CLIENT_0182,725,2,1,23800,1600,2024-08-16,0,OCCASIONNELS,-1.1015330888282822,0.5637499058844415
CLIENT_0183,866,1,1,19600,1300,2024-03-28,0,OCCASIONNELS,-1.89636070877641,0.8328627733305948
CLIENT_0184,873,1,1,0,0,2024-03-21,3,À RÉACTIVER,-4.561469446621912,-2.0624030063129175
CLIENT_0185,870,1,1,56200,5600,2024-03-24,0,OCCASIONNELS,-1.6213072910682873,1.1546650599859327
CLIENT_0186,882,1,1,565600,95500,2024-03-12,0,OCCASIONNELS,-1.024512056925012,1.8690647397788902
CLIENT_0187,880,1,1,25100,2800,2024-03-14,0,OCCASIONNELS,-1.8565198947167763,0.9448253643707369
CLIENT_0188,324,4,1,174700,22900,2025-09-21,2,STRATÉGIQUES,0.7921699576625804,0.11788683774364002
CLIENT_0189,631,2,2,53500,5900,2024-11-18,0,OCCASIONNELS,-0.7061370404288703,0.5406254703428023
CLIENT_0190,37,11,5,17377600,1931700,2026-07-05,2,STRATÉGIQUES,3.597031306056167,0.8183987344376679
CLIENT_0191,447,6,4,215300,28300,2025-05-21,2,STRATÉGIQUES,1.0099337789338783,0.5776357123651343
CLIENT_0192,871,1,1,44600,6200,2024-03-23,0,OCCASIONNELS,-1.6852302556526257,1.0892735980003676
CLIENT_0193,104,6,3,1236100,164200,2026-04-29,2,STRATÉGIQUES,2.1286220198854817,0.1370365520558858
CLIENT_0194,16,11,5,472700,58200,2026-07-26,2,STRATÉGIQUES,2.6696775642189983,-0.3031585958266737
CLIENT_0195,351,5,3,1431600,203100,2025-08-25,2,STRATÉGIQUES,1.5192894577439837,0.843455619894018
CLIENT_0196,87,3,1,440200,58700,2026-05-16,2,STRATÉGIQUES,1.2273341767881565,-0.3068069022746522
CLIENT_0197,861,1,1,30500,3700,2024-04-02,0,OCCASIONNELS,-1.7682457242872798,0.9493332290851342
CLIENT_0198,883,1,1,100900,13100,2024-03-11,0,OCCASIONNELS,-1.4889143124707709,1.363486869251245
CLIENT_0199,565,2,2,404500,59300,2025-01-23,0,OCCASIONNELS,-0.038321399407069225,0.9532739560758144
CLIENT_0200,126,3,1,490600,87500,2026-04-07,2,STRATÉGIQUES,1.1825401350308296,-0.16613562676378568
CLIENT_0201,124,7,5,729200,93800,2026-04-09,2,STRATÉGIQUES,2.1057667380228726,0.05907603135077683
CLIENT_0202,854,1,1,155800,20200,2024-04-09,0,OCCASIONNELS,-1.3174116632065898,1.410781232156843
CLIENT_0203,866,1,1,57500,7200,2024-03-28,0,OCCASIONNELS,-1.6075941509837053,1.1502602439380694
CLIENT_0204,111,3,1,197200,24700,2026-04-22,2,STRATÉGIQUES,0.9664108154170407,-0.47673495082698464
CLIENT_0205,461,3,2,103800,12100,2025-05-07,1,FIDÈLES,0.13120055350319998,0.309534544322534
CLIENT_0206,65,4,2,504700,66600,2026-06-07,2,STRATÉGIQUES,1.5674573420530282,-0.29113142471781095
CLIENT_0207,876,1,1,72400,9400,2024-03-18,0,OCCASIONNELS,-1.5647129982844377,1.2460870199919107
CLIENT_0208,156,3,1,179900,23000,2026-03-08,2,STRATÉGIQUES,0.8565295996870451,-0.3783877767084662
CLIENT_0209,864,1,1,75200,9500,2024-03-30,0,OCCASIONNELS,-1.5317998371779515,1.2238306874076148
CLIENT_0210,675,2,2,119600,14700,2024-10-05,0,OCCASIONNELS,-0.5736390729165124,0.9005140791071179
CLIENT_0211,855,1,1,102900,13400,2024-04-08,0,OCCASIONNELS,-1.4306063834063538,1.291232769706036
CLIENT_0212,201,4,3,91500,10800,2026-01-22,2,STRATÉGIQUES,0.8516476207163235,-0.4156745530522039
CLIENT_0213,209,6,5,751000,105800,2026-01-14,2,STRATÉGIQUES,1.796011938811285,0.2827355205953235
CLIENT_0214,685,2,2,209400,28100,2024-09-25,0,OCCASIONNELS,-0.44230191489172044,1.093567184154767
CLIENT_0215,858,1,1,21500,2800,2024-04-05,0,OCCASIONNELS,-1.8563817668753262,0.8378503867107884
CLIENT_0216,145,6,5,1208900,160200,2026-03-19,2,STRATÉGIQUES,2.0449838940009166,0.2447511917623763
CLIENT_0217,65,2,2,106400,12900,2026-06-07,1,FIDÈLES,0.5505309355801992,-0.8341896108870165
CLIENT_0218,272,2,2,108000,13200,2025-11-12,1,FIDÈLES,0.16240693996023897,-0.2528299020829263
CLIENT_0219,858,1,1,39100,4700,2024-04-05,0,OCCASIONNELS,-1.6959162921675297,1.0142258513123512
CLIENT_0220,866,1,1,49900,6400,2024-03-28,0,OCCASIONNELS,-1.6456308487451123,1.1084522459759292
CLIENT_0221,106,4,2,114600,13700,2026-04-27,2,STRATÉGIQUES,1.0920095938286882,-0.6140739360363622
CLIENT_0222,327,3,2,329600,43200,2025-09-18,2,STRATÉGIQUES,0.6950555606614486,0.276795601970142
CLIENT_0223,39,5,1,116700,12500,2026-07-03,2,STRATÉGIQUES,1.437675918509069,-0.7655026298599624
CLIENT_0224,128,5,4,737500,97400,2026-04-05,2,STRATÉGIQUES,1.763759284164931,0.026288175437926452
CLIENT_0225,152,5,4,129700,14600,2026-03-12,2,STRATÉGIQUES,1.251953858917348,-0.4193966404625717
CLIENT_0226,84,3,1,203100,25500,2026-05-19,2,STRATÉGIQUES,1.025467938811475,-0.5432961741468345
CLIENT_0227,131,3,1,459500,61700,2026-04-02,2,STRATÉGIQUES,1.1554964559380145,-0.17151365918163475
CLIENT_0228,868,1,1,30300,3400,2024-03-26,0,OCCASIONNELS,-1.7832712956027725,0.9669036877704663
CLIENT_0229,867,1,1,104200,13500,2024-03-27,0,OCCASIONNELS,-1.4499699581440852,1.3283821164748468
CLIENT_0230,610,2,1,54400,6800,2024-12-09,0,OCCASIONNELS,-0.6618797805055006,0.48701339222420637
CLIENT_0231,374,4,3,161800,20500,2025-08-02,2,STRATÉGIQUES,0.6768707534221048,0.23462583542569493
CLIENT_0232,304,2,2,78500,10300,2025-10-11,1,FIDÈLES,0.01618767091777479,-0.2577258630303689
CLIENT_0233,115,5,2,436000,57400,2026-04-18,2,STRATÉGIQUES,1.6473531585377152,-0.16496170051719436
CLIENT_0234,351,3,1,134200,17200,2025-08-25,1,FIDÈLES,0.4084983857211685,0.07869217309999281
CLIENT_0235,474,2,1,116400,14400,2025-04-24,1,FIDÈLES,-0.20015311375406983,0.33228138750292446
CLIENT_0236,276,8,5,3082900,411000,2025-11-08,2,STRATÉGIQUES,2.3428164682883885,0.9272680608740865
CLIENT_0237,661,2,1,203300,27300,2024-10-19,0,OCCASIONNELS,-0.40477002981906046,1.0179547169549292
CLIENT_0238,95,3,2,163200,21100,2026-05-08,2,STRATÉGIQUES,0.945944078498156,-0.5771413445950335
CLIENT_0239,676,2,1,142500,19200,2024-10-04,0,OCCASIONNELS,-0.5285278769725842,0.9549674046413194
CLIENT_0240,24,17,8,3351800,449600,2026-07-18,2,STRATÉGIQUES,3.6557286555281725,0.36345222730753846
CLIENT_0241,415,2,1,95300,11600,2025-06-22,1,FIDÈLES,-0.14205019498461105,0.10885055005968669
CLIENT_0242,62,7,2,879300,118100,2026-06-10,2,STRATÉGIQUES,2.273438572456546,-0.05853044310519893
CLIENT_0243,115,2,2,130700,16400,2026-04-18,1,FIDÈLES,0.5110055422721033,-0.6341639053809509
CLIENT_0244,67,6,3,263500,34400,2026-06-05,2,STRATÉGIQUES,1.7839886810063168,-0.4219346358487016
CLIENT_0245,459,2,1,172400,22300,2025-05-09,1,FIDÈLES,-0.06634863391039826,0.4063114459999908
CLIENT_0246,38,4,4,201600,23600,2026-07-04,2,STRATÉGIQUES,1.3723783182598055,-0.63702613777367
CLIENT_0247,760,3,2,14100,2900,2024-07-12,0,OCCASIONNELS,-0.9708262614857978,0.5541934926907729
CLIENT_0248,775,2,2,130200,17400,2024-06-27,0,OCCASIONNELS,-0.7402884066016379,1.2042816355029244
CLIENT_0249,115,3,1,267200,34100,2026-04-18,2,STRATÉGIQUES,1.040341587642027,-0.37599641700433
CLIENT_0250,45,8,4,866200,113500,2026-06-27,2,STRATÉGIQUES,2.4397808695470604,-0.09098502307159678
CLIENT_0251,9,4,1,125100,14800,2026-08-02,2,STRATÉGIQUES,1.299282552627111,-0.858581875781064
CLIENT_0252,112,3,1,506000,65600,2026-04-21,2,STRATÉGIQUES,1.2173538617474662,-0.19604175464256476
CLIENT_0253,652,2,1,158700,17400,2024-10-28,0,OCCASIONNELS,-0.45417340668096173,0.9198284448277384
CLIENT_0254,34,3,2,93300,11300,2026-07-08,2,STRATÉGIQUES,0.9114700618303292,-0.9120668272730915
CLIENT_0255,377,3,1,91500,10900,2025-07-30,1,FIDÈLES,0.2564838259225783,0.03820992396476771
CLIENT_0256,112,3,1,167700,21600,2026-04-21,2,STRATÉGIQUES,0.9210384568676946,-0.5217365329083506
CLIENT_0257,46,4,1,117000,13900,2026-06-26,2,STRATÉGIQUES,1.2112311828952553,-0.7751956487300685
CLIENT_0258,837,1,1,16400,2000,2024-04-26,0,OCCASIONNELS,-1.8892488217064969,0.6994671958548287
CLIENT_0259,370,7,5,175600,21200,2025-08-06,2,STRATÉGIQUES,1.257749052419175,0.3248506561890424
CLIENT_0260,281,3,1,564800,75500,2025-11-03,2,STRATÉGIQUES,0.9267072822197817,0.3074229564223691
CLIENT_0261,819,1,1,32100,2300,2024-05-14,0,OCCASIONNELS,-1.6749650343688693,0.8473478038727424
CLIENT_0262,447,2,1,239300,31100,2025-05-21,1,FIDÈLES,0.04436372688735218,0.4695680252502415
CLIENT_0263,77,5,2,983100,131800,2026-05-26,2,STRATÉGIQUES,1.9374963921779027,-0.03108825931500011
CLIENT_0264,70,6,3,426000,45700,2026-06-02,2,STRATÉGIQUES,1.9072000838486387,-0.2718987466449344
CLIENT_0265,812,2,2,3476300,616200,2024-05-21,0,OCCASIONNELS,0.07094074347265737,2.276111138447199
CLIENT_0266,833,1,1,124000,16200,2024-04-30,0,OCCASIONNELS,-1.3388841225131036,1.2849223994736798
CLIENT_0267,350,2,2,199700,26100,2025-08-26,1,FIDÈLES,0.17957642183782857,0.1458551192120945
CLIENT_0268,40,34,17,751800,112600,2026-07-02,2,STRATÉGIQUES,4.0044005036876165,0.0764849602027113
CLIENT_0269,72,5,1,165100,20600,2026-05-31,2,STRATÉGIQUES,1.4682525029474114,-0.5712042068227278
CLIENT_0270,829,1,1,180800,24100,2024-05-04,0,OCCASIONNELS,-1.2301231560010357,1.3849893059321279
CLIENT_0271,379,2,1,73400,8800,2025-07-28,1,FIDÈLES,-0.1439117045700419,-0.0684939275295268
CLIENT_0272,820,1,1,136900,18000,2024-05-13,0,OCCASIONNELS,-1.2877029612582287,1.277875920784974
CLIENT_0273,46,4,2,274200,33800,2026-06-26,2,STRATÉGIQUES,1.4397495089802803,-0.5240199612084254
CLIENT_0274,821,1,1,72000,9100,2024-05-12,0,OCCASIONNELS,-1.462010697281622,1.0911551486599318
CLIENT_0275,281,4,1,390700,52400,2025-11-03,2,STRATÉGIQUES,1.0895845270237512,0.2354055600985353
CLIENT_0276,362,6,3,144300,17300,2025-08-14,2,STRATÉGIQUES,1.0635903833375662,0.22271331210188888
CLIENT_0277,600,2,1,140400,19000,2024-12-19,0,OCCASIONNELS,-0.3885414206544048,0.7387589742973191
CLIENT_0278,816,1,1,55500,6700,2024-05-17,0,OCCASIONNELS,-1.5223757688409398,1.0004579410014618
CLIENT_0279,200,17,4,104900,10300,2026-01-23,2,STRATÉGIQUES,2.392817639169221,-0.16766073603723455
CLIENT_0280,83,3,1,140100,17900,2026-05-20,2,STRATÉGIQUES,0.9277262010710773,-0.6555983065878667
CLIENT_0281,404,3,1,253100,33600,2025-07-03,2,STRATÉGIQUES,0.47833078050112166,0.41352658113215957
CLIENT_0282,72,3,1,204300,26500,2026-05-31,2,STRATÉGIQUES,1.049780684902876,-0.5750056442164002
CLIENT_0283,79,4,2,109800,13800,2026-05-24,2,STRATÉGIQUES,1.131676450143818,-0.7019479518499768
CLIENT_0284,468,2,2,430400,63500,2025-04-30,1,FIDÈLES,0.16208222109691542,0.7012155900765363
CLIENT_0285,644,2,1,57900,7100,2024-11-05,0,OCCASIONNELS,-0.7095573831458846,0.6001682045326098
CLIENT_0286,247,9,3,35433000,3463500,2025-12-07,2,STRATÉGIQUES,3.1765105325206227,1.5838754411304354
CLIENT_0287,816,1,1,21900,2300,2024-05-17,0,OCCASIONNELS,-1.7718736019384909,0.7262226495171334
CLIENT_0288,819,1,1,70400,9200,2024-05-14,0,OCCASIONNELS,-1.46425173593168,1.0789531132220769
CLIENT_0289,68,15,3,17682300,1843700,2026-06-04,2,STRATÉGIQUES,3.8804374830382833,0.95720405717949
CLIENT_0290,636,2,1,124600,16600,2024-11-13,0,OCCASIONNELS,-0.48877078538720126,0.8038903703981556
CLIENT_0291,88,4,1,693000,96500,2026-05-15,2,STRATÉGIQUES,1.6089608845240742,-0.13351664712039918
CLIENT_0292,825,1,1,361100,49100,2024-05-08,0,OCCASIONNELS,-1.03693593606591,1.5778532436471542
CLIENT_0293,96,6,3,1586000,211400,2026-05-07,2,STRATÉGIQUES,2.2106552828624957,0.1882481300102487
CLIENT_0294,62,5,1,197200,24900,2026-06-10,2,STRATÉGIQUES,1.5348664206532152,-0.5466795867308105
CLIENT_0295,417,4,3,1128000,148900,2025-06-20,2,STRATÉGIQUES,1.1164377662302258,0.9271596754341599
CLIENT_0296,305,3,2,176500,22400,2025-10-10,2,STRATÉGIQUES,0.5691531890741777,0.03128333654885561
CLIENT_0297,81,8,1,137700,15600,2026-05-22,2,STRATÉGIQUES,1.878144410391412,-0.5330087692060606
CLIENT_0298,830,1,1,124500,18000,2024-05-03,0,OCCASIONNELS,-1.3321213657187563,1.2777474766794135
CLIENT_0299,237,4,3,262900,34400,2025-12-17,2,STRATÉGIQUES,1.0666385002318464,-0.0040691435702568364
CLIENT_0300,407,5,3,4453500,612900,2025-06-30,2,STRATÉGIQUES,1.717716369347204,1.3342427614300814
CLIENT_0301,808,1,1,25400,3400,2024-05-25,0,OCCASIONNELS,-1.716939477441579,0.7476482367564619
CLIENT_0302,377,4,2,390500,58700,2025-07-30,2,STRATÉGIQUES,0.907590336265134,0.5028292321922081
CLIENT_0303,821,1,1,0,0,2024-05-12,3,À RÉACTIVER,-4.462963677258552,-2.207339291061175
CLIENT_0304,171,6,2,174500,22100,2026-02-21,2,STRATÉGIQUES,1.4763973240735266,-0.25360576194881096
CLIENT_0305,79,4,1,105600,11700,2026-05-24,2,STRATÉGIQUES,1.1212116790881128,-0.7134502943959979
CLIENT_0306,444,2,1,130300,16400,2025-05-24,1,FIDÈLES,-0.11305529925676916,0.2819328614127454
CLIENT_0307,649,4,2,42600,5100,2024-10-31,0,OCCASIONNELS,-0.20213690435059062,0.607550464598116
CLIENT_0308,52,8,4,2133200,296600,2026-06-20,2,STRATÉGIQUES,2.6683426802506873,0.19432426075936066
CLIENT_0309,89,3,1,424700,56600,2026-05-14,2,STRATÉGIQUES,1.2139274568206273,-0.3118040849313795
CLIENT_0310,247,5,2,242900,31600,2025-12-07,2,STRATÉGIQUES,1.2403382390204005,0.030429065833501506
CLIENT_0311,454,2,2,127800,16100,2025-05-14,1,FIDÈLES,-0.13719672926705243,0.3040918333129541
CLIENT_0312,85,6,2,299400,38500,2026-05-18,2,STRATÉGIQUES,1.7841615198875678,-0.3340954595633784
CLIENT_0313,60,3,1,569300,76300,2026-06-12,2,STRATÉGIQUES,1.3474861066620507,-0.30621583070253594
CLIENT_0314,625,2,1,78600,10100,2024-11-24,0,OCCASIONNELS,-0.5915544399142908,0.6373524198735347
CLIENT_0315,632,2,1,238300,32100,2024-11-17,0,OCCASIONNELS,-0.30721308558821897,0.9839717327907294
CLIENT_0316,812,1,1,54800,6500,2024-05-21,0,OCCASIONNELS,-1.5182040174270746,0.9855657172242642
CLIENT_0317,320,3,2,152200,18000,2025-09-25,2,STRATÉGIQUES,0.5009940147659981,0.029407249389346968
CLIENT_0318,74,5,5,346700,43800,2026-05-29,2,STRATÉGIQUES,1.663528229235077,-0.3468282892566547
CLIENT_0319,811,1,1,989500,989500,2024-05-22,0,OCCASIONNELS,-0.7399419630189897,1.8361222689598122
CLIENT_0320,572,5,5,1028500,158000,2025-01-16,2,STRATÉGIQUES,1.011910547101044,1.3619080096584164
CLIENT_0321,613,3,2,327200,43500,2024-12-06,0,OCCASIONNELS,0.15131293644588004,1.071789854834275
CLIENT_0322,810,1,1,37000,5500,2024-05-23,0,OCCASIONNELS,-1.6197997162588031,0.8641581073051524
CLIENT_0323,38,4,3,262500,33800,2026-07-04,2,STRATÉGIQUES,1.4432039538514607,-0.5591782118822807
CLIENT_0324,804,1,1,36600,4300,2024-05-29,0,OCCASIONNELS,-1.6113500839933386,0.8442291118821945
CLIENT_0325,222,3,2,292000,39000,2026-01-01,2,STRATÉGIQUES,0.8614616110992114,-0.05158635912912193
CLIENT_0326,717,2,2,235400,31000,2024-08-24,0,OCCASIONNELS,-0.4715174187802797,1.2172757936093423
CLIENT_0327,231,5,2,271000,36100,2025-12-23,2,STRATÉGIQUES,1.3000197746533877,0.01811756496431897
CLIENT_0328,274,3,3,54000,6500,2025-11-10,1,FIDÈLES,0.3101057645927887,-0.4043997797078544
CLIENT_0329,817,1,1,0,0,2024-05-16,3,À RÉACTIVER,-4.455386310384448,-2.2184882360418094
CLIENT_0330,791,1,1,0,0,2024-06-11,3,À RÉACTIVER,-4.406133425702768,-2.290956378415938
CLIENT_0331,816,1,1,24900,1700,2024-05-17,0,OCCASIONNELS,-1.737428471197484,0.7640829802130018
CLIENT_0332,790,1,1,26800,1900,2024-06-12,0,OCCASIONNELS,-1.6684460446141929,0.713300543911219
CLIENT_0333,814,2,2,73600,6000,2024-05-19,0,OCCASIONNELS,-0.9672202524699434,1.1447563274179715
CLIENT_0334,623,2,2,72500,6000,2024-11-26,0,OCCASIONNELS,-0.6094413423049385,0.6079532490932374
CLIENT_0335,812,1,1,267600,36100,2024-05-21,0,OCCASIONNELS,-1.0927129691627366,1.4532437735668242
CLIENT_0336,351,3,1,187700,24400,2025-08-25,2,STRATÉGIQUES,0.4985212161526474,0.17764067632794805
CLIENT_0337,451,2,1,102800,12500,2025-05-17,1,FIDÈLES,-0.18992034560626073,0.23153252351582454
CLIENT_0338,77,3,1,201600,26200,2026-05-26,2,STRATÉGIQUES,1.036739338904142,-0.5649930263434528
CLIENT_0339,796,1,1,68400,8600,2024-06-06,0,OCCASIONNELS,-1.428414724090689,1.0063471278534466
CLIENT_0340,112,4,1,280100,36800,2026-04-21,2,STRATÉGIQUES,1.3204350725446314,-0.33378390140561887
CLIENT_0341,448,4,1,110100,13000,2025-05-20,2,STRATÉGIQUES,0.433396451057492,0.32734690414888046
CLIENT_0342,92,6,2,171600,20300,2026-05-11,2,STRATÉGIQUES,1.6215537724109377,-0.47873980088240853
CLIENT_0343,73,3,1,502100,67100,2026-05-30,2,STRATÉGIQUES,1.2891571406161046,-0.30702585443718433
CLIENT_0344,355,2,1,100700,13000,2025-08-21,1,FIDÈLES,-0.013601390203050998,-0.04212907779194223
CLIENT_0345,296,8,4,579000,88100,2025-10-19,2,STRATÉGIQUES,1.8562203433625197,0.4898144218497517
CLIENT_0346,779,1,1,0,0,2024-06-23,3,À RÉACTIVER,-4.383401325080454,-2.3244032133578436
CLIENT_0347,788,1,1,0,0,2024-06-14,3,À RÉACTIVER,-4.400450400547189,-2.299318087151415
CLIENT_0348,799,1,1,13800,700,2024-06-03,0,OCCASIONNELS,-1.8635753611316264,0.5426489528651044
CLIENT_0349,65,5,2,148600,18100,2026-06-07,2,STRATÉGIQUES,1.4532613139266162,-0.6217675573421892
CLIENT_0350,64,3,1,714100,94200,2026-06-08,2,STRATÉGIQUES,1.4007129995908787,-0.2282339449162527
CLIENT_0351,790,1,1,49400,6300,2024-06-12,0,OCCASIONNELS,-1.5043629121057707,0.8936523534338102
CLIENT_0352,157,4,2,105600,12200,2026-03-07,2,STRATÉGIQUES,0.9734530250430738,-0.4960458672736122
CLIENT_0353,776,1,1,-23500,-3500,2024-06-26,3,À RÉACTIVER,-4.377718299924876,-2.33276492209332
CLIENT_0354,142,5,2,79500,9200,2026-03-22,2,STRATÉGIQUES,1.1395671719356044,-0.5916203543859142
CLIENT_0355,169,3,2,82800,9700,2026-02-23,1,FIDÈLES,0.6236996044801173,-0.5710004305588101
CLIENT_0356,604,2,2,74400,9600,2024-12-15,0,OCCASIONNELS,-0.5665077986392094,0.5626250096528449
CLIENT_0357,686,2,1,49600,6200,2024-09-24,0,OCCASIONNELS,-0.8306344313235264,0.6716012906132913
CLIENT_0358,776,1,1,76000,9600,2024-06-26,0,OCCASIONNELS,-1.3622584636802606,0.9816747140557424
CLIENT_0359,145,3,3,174200,22100,2026-03-19,2,STRATÉGIQUES,0.868728445272244,-0.4185428282619306
CLIENT_0360,778,1,1,76600,9800,2024-06-24,0,OCCASIONNELS,-1.3639372154603795,0.9895683157976751
CLIENT_0361,25,5,2,117700,14600,2026-07-17,2,STRATÉGIQUES,1.46648607499218,-0.8020075759028011
CLIENT_0362,50,5,3,748500,100200,2026-06-22,2,STRATÉGIQUES,1.915490369090667,-0.18674995829046687
CLIENT_0363,792,2,2,151200,21400,2024-06-10,0,OCCASIONNELS,-0.7323708784440328,1.2957639791577698
CLIENT_0364,46,3,1,104800,12300,2026-06-26,2,STRATÉGIQUES,0.9199248939444096,-0.8443409066842849
CLIENT_0365,31,3,2,158200,19700,2026-07-11,2,STRATÉGIQUES,1.0588330036043274,-0.7647011986246944
CLIENT_0366,780,1,1,17700,2000,2024-06-22,0,OCCASIONNELS,-1.7608045820357794,0.5630907503667916
CLIENT_0367,769,1,1,10100,1100,2024-07-03,0,OCCASIONNELS,-1.890488032729641,0.3669859160296791
CLIENT_0368,69,6,2,441000,56700,2026-06-03,2,STRATÉGIQUES,1.9183795904984247,-0.26448020322543175
CLIENT_0369,138,6,1,123600,14200,2026-03-26,2,STRATÉGIQUES,1.446376276122535,-0.44729356761655875
CLIENT_0370,780,1,1,78300,10000,2024-06-22,0,OCCASIONNELS,-1.3618363170902317,1.0016163161882805
CLIENT_0371,50,3,1,608000,80800,2026-06-22,2,STRATÉGIQUES,1.3840758665016928,-0.31469223343224384
CLIENT_0372,13,3,1,445400,58400,2026-07-29,2,STRATÉGIQUES,1.3706664383355878,-0.5095989941100815
CLIENT_0373,29,2,2,293800,38100,2026-07-13,1,FIDÈLES,0.8912515918760331,-0.6349852465428079
CLIENT_0374,206,3,2,174600,22200,2026-01-17,2,STRATÉGIQUES,0.7537889988108241,-0.24784500281130545
CLIENT_0375,773,1,1,11100,800,2024-06-29,0,OCCASIONNELS,-1.8727362478597769,0.4059753725903974
CLIENT_0376,377,2,1,113400,13800,2025-07-30,1,FIDÈLES,-0.02340792054131745,0.0542188850198832
CLIENT_0377,435,2,1,44600,4900,2025-06-02,1,FIDÈLES,-0.3836644053468336,-0.05933146477991038
CLIENT_0378,42,3,1,687300,92500,2026-06-30,2,STRATÉGIQUES,1.4321249074809477,-0.300834378793705
CLIENT_0379,49,3,1,603100,89300,2026-06-23,2,STRATÉGIQUES,1.3837990430978497,-0.31986590363076184
CLIENT_0380,47,3,1,326400,42600,2026-06-25,2,STRATÉGIQUES,1.2228535206798465,-0.5065078122556338
CLIENT_0381,207,4,3,241500,31600,2026-01-16,2,STRATÉGIQUES,1.1006877467605367,-0.11272594961255095
CLIENT_0382,765,1,1,15700,1800,2024-07-07,0,OCCASIONNELS,-1.7645595606622986,0.48592246889571267
CLIENT_0383,776,1,1,13900,1600,2024-06-26,0,OCCASIONNELS,-1.818068339847549,0.4806717486179682
CLIENT_0384,24,3,1,673300,90000,2026-07-18,2,STRATÉGIQUES,1.4607011730824628,-0.35707400589712324
CLIENT_0385,755,1,1,36100,3200,2024-07-17,0,OCCASIONNELS,-1.5222180132200827,0.7035979358880636
CLIENT_0386,762,1,1,27100,1900,2024-07-10,0,OCCASIONNELS,-1.612417746353813,0.6385407904680965
CLIENT_0387,164,6,4,1178000,157700,2026-02-28,2,STRATÉGIQUES,2.002043985750988,0.29007243557646845
CLIENT_0388,290,3,2,292500,37900,2025-10-25,2,STRATÉGIQUES,0.7331054234386909,0.1384502690058191
CLIENT_0389,18,2,2,301000,39500,2026-07-24,1,FIDÈLES,0.9185855063242155,-0.6585046024281144
CLIENT_0390,750,1,1,20300,1600,2024-07-22,0,OCCASIONNELS,-1.6672020101352762,0.519891921812481
CLIENT_0391,295,2,2,211700,26700,2025-10-20,1,FIDÈLES,0.29942238339270305,0.00976668507647802
CLIENT_0392,769,1,1,126300,16500,2024-07-03,0,OCCASIONNELS,-1.2127150724157596,1.1119593814272737
CLIENT_0393,65,2,2,48400,4100,2026-06-07,1,FIDÈLES,0.33918059928210764,-1.066495119758335
CLIENT_0394,167,3,1,194400,25900,2026-02-25,2,STRATÉGIQUES,0.8564906450979621,-0.3248671932370004
CLIENT_0395,1,3,1,145600,17900,2026-08-10,2,STRATÉGIQUES,1.093394074360163,-0.8727954335841968
CLIENT_0396,203,3,2,149500,18000,2026-01-20,2,STRATÉGIQUES,0.7178294414123204,-0.30197811414014175
CLIENT_0397,749,1,1,61400,7700,2024-07-23,0,OCCASIONNELS,-1.368348317465115,0.8435072565081994
CLIENT_0398,367,2,1,214200,27800,2025-08-09,1,FIDÈLES,0.1661797788527571,0.21391001316330502
CLIENT_0399,634,2,2,94200,11300,2024-11-15,0,OCCASIONNELS,-0.5600260373636757,0.715831432023867
CLIENT_0400,574,3,2,122200,14800,2025-01-14,0,OCCASIONNELS,-0.03907328182894073,0.6726204338262514
CLIENT_0401,11,3,1,504700,67600,2026-07-31,2,STRATÉGIQUES,1.4079921425202961,-0.47831128408736123
CLIENT_0402,55,2,2,30400,3100,2026-06-17,1,FIDÈLES,0.2333454238128513,-1.231517746413768
CLIENT_0403,335,2,1,179400,23000,2025-09-10,1,FIDÈLES,0.17922877850294833,0.0724320068885251
CLIENT_0404,416,2,1,48000,6500,2025-06-21,1,FIDÈLES,-0.32795999191093467,-0.09062261559933045
CLIENT_0405,742,1,1,6800,1000,2024-07-30,0,OCCASIONNELS,-1.9454768105912448,0.1750712554264113
CLIENT_0406,737,1,1,44200,6600,2024-08-04,0,OCCASIONNELS,-1.4338056805167343,0.7131270615598696
CLIENT_0407,753,1,1,92900,11900,2024-07-19,0,OCCASIONNELS,-1.2648141735549374,0.976784306446275
CLIENT_0408,728,2,2,67200,7400,2024-08-13,0,OCCASIONNELS,-0.8287156201242987,0.8782251514146227
CLIENT_0409,376,2,1,7128000,703300,2025-07-31,2,STRATÉGIQUES,1.0895406258515201,1.2726457566929186
CLIENT_0410,748,1,1,36100,4000,2024-07-24,0,OCCASIONNELS,-1.5089576211903997,0.6840872821719518
CLIENT_0411,186,3,1,88800,11200,2026-02-06,1,FIDÈLES,0.6102665226843278,-0.5029855882896302
CLIENT_0412,382,2,1,183800,23200,2025-07-25,1,FIDÈLES,0.09669602687615905,0.21057801779616733
CLIENT_0413,749,1,1,137900,17700,2024-07-23,0,OCCASIONNELS,-1.15125190199986,1.082128562497816
CLIENT_0414,745,1,1,152300,20000,2024-07-27,0,OCCASIONNELS,-1.1170247299835037,1.1002717239473336
CLIENT_0415,554,2,1,52500,6300,2025-02-03,0,OCCASIONNELS,-0.5653353320102941,0.3204437234887708
CLIENT_0416,738,1,1,125400,18100,2024-08-03,0,OCCASIONNELS,-1.1559092928800097,1.0234459956428612
CLIENT_0417,297,2,1,1286100,180900,2025-10-18,2,STRATÉGIQUES,0.779726623509855,0.5474314059998625
CLIENT_0418,73,5,2,857300,123000,2026-05-30,2,STRATÉGIQUES,1.908335308481278,-0.08261823516818523
CLIENT_0419,745,1,1,50900,6200,2024-07-27,0,OCCASIONNELS,-1.411091719286774,0.7770482893936139
CLIENT_0420,737,1,1,98900,12500,2024-08-04,0,OCCASIONNELS,-1.2177122210820286,0.9506459694405773
CLIENT_0421,718,1,1,44400,5200,2024-08-23,0,OCCASIONNELS,-1.3966018582544049,0.6615010046207142
CLIENT_0422,361,2,1,104800,12800,2025-08-15,1,FIDÈLES,-0.014259632828768177,-0.013636184308640496
CLIENT_0423,377,3,1,89000,10600,2025-07-30,1,FIDÈLES,0.24905088145291338,0.030040010551417938
CLIENT_0424,433,3,2,76300,9600,2025-06-04,1,FIDÈLES,0.10165753202929617,0.14071916114232003
CLIENT_0425,730,1,1,52100,6400,2024-08-11,0,OCCASIONNELS,-1.3764244294745178,0.74211180550563
CLIENT_0426,733,1,1,45100,5600,2024-08-08,0,OCCASIONNELS,-1.4208198843816888,0.7079227861438264
CLIENT_0427,358,3,1,149300,18000,2025-08-18,1,FIDÈLES,0.423847287150879,0.12964870285275068
CLIENT_0428,105,4,1,76200,8400,2026-04-28,2,STRATÉGIQUES,0.9844093839351036,-0.737211998196521
CLIENT_0429,724,1,1,595700,79300,2024-08-17,0,OCCASIONNELS,-0.7112939321384892,1.4439729202773188
CLIENT_0430,708,1,1,19400,2900,2024-09-02,0,OCCASIONNELS,-1.5998065500938161,0.38945477230127024
CLIENT_0431,139,3,2,736400,99100,2026-03-25,2,STRATÉGIQUES,1.2668881672181902,-0.010122371863699183
CLIENT_0432,708,3,3,260400,36700,2024-09-02,0,OCCASIONNELS,-0.08991979468047517,1.2692321450260253
CLIENT_0433,341,2,1,323500,42600,2025-09-04,1,FIDÈLES,0.3260555967142781,0.2630329561657128
CLIENT_0434,718,1,1,275400,37100,2024-08-23,0,OCCASIONNELS,-0.9069358453687418,1.199716908568726
CLIENT_0435,731,1,1,94200,12100,2024-08-10,0,OCCASIONNELS,-1.2194100450891052,0.9195634076953147
CLIENT_0436,714,1,1,231400,31100,2024-08-27,0,OCCASIONNELS,-0.9460657212762691,1.137229744816299
CLIENT_0437,716,1,1,193200,29000,2024-08-25,0,OCCASIONNELS,-0.9982640954417797,1.0895947545919868
CLIENT_0438,707,1,1,25400,2600,2024-09-03,0,OCCASIONNELS,-1.5256109638704385,0.46613737599542404
CLIENT_0439,713,1,1,24100,3300,2024-08-28,0,OCCASIONNELS,-1.5510730047890942,0.4673671996142153
CLIENT_0440,720,1,1,14900,1400,2024-08-21,0,OCCASIONNELS,-1.693346011712703,0.34507376785453026
CLIENT_0441,715,1,1,11200,1400,2024-08-26,0,OCCASIONNELS,-1.7604582143225462,0.24696045791031238
CLIENT_0442,362,2,1,145000,18300,2025-08-14,1,FIDÈLES,0.07096185753299432,0.08490433086017497
CLIENT_0443,351,2,1,148100,18600,2025-08-25,1,FIDÈLES,0.09747550985863317,0.06048338469058982
CLIENT_0444,172,11,8,6345800,775200,2026-02-20,2,STRATÉGIQUES,3.070997552847646,0.8975782699375165
CLIENT_0445,725,1,1,47200,5800,2024-08-16,0,OCCASIONNELS,-1.3934539530152636,0.6990468217224659
CLIENT_0446,158,3,2,120300,14800,2026-03-06,2,STRATÉGIQUES,0.7447682962882126,-0.491491300495448
CLIENT_0447,609,2,1,41200,4800,2024-12-10,0,OCCASIONNELS,-0.7345555762358336,0.402262464649838
CLIENT_0448,361,2,1,228000,30200,2025-08-15,1,FIDÈLES,0.19429813357613346,0.2155998741825225
CLIENT_0449,719,1,1,14800,1100,2024-08-22,0,OCCASIONNELS,-1.693258390911449,0.34030067613628895
CLIENT_0450,712,1,1,22900,1800,2024-08-29,0,OCCASIONNELS,-1.5628822551099917,0.44951767400703074
CLIENT_0451,715,1,1,0,0,2024-08-26,3,À RÉACTIVER,-4.262163455094781,-2.5027863330480065
CLIENT_0452,710,1,1,30200,3800,2024-08-31,0,OCCASIONNELS,-1.4848522676601565,0.525545455906481
CLIENT_0453,333,2,1,207800,26900,2025-09-12,1,FIDÈLES,0.22244834403675173,0.1101979486656886
CLIENT_0454,347,2,1,116700,14400,2025-08-29,1,FIDÈLES,0.041118922737180895,-0.02093850130938464
CLIENT_0455,707,1,1,65200,8000,2024-09-03,0,OCCASIONNELS,-1.2726739959035016,0.7441527891010536
CLIENT_0456,268,4,2,572500,74700,2025-11-16,2,STRATÉGIQUES,1.2167266386179632,0.3118514833241577
CLIENT_0457,297,2,1,47000,4900,2025-10-18,1,FIDÈLES,-0.10818215627154862,-0.4285126333202828
CLIENT_0458,710,1,1,0,0,2024-08-31,3,À RÉACTIVER,-4.25269174650215,-2.5167225142738
CLIENT_0459,234,2,2,101900,12900,2025-12-20,1,FIDÈLES,0.21879242484901515,-0.3758910545391043
CLIENT_0460,314,2,1,224600,29700,2025-10-01,1,FIDÈLES,0.2793008885475541,0.08016876495868533
CLIENT_0461,522,2,1,47400,4900,2025-03-07,0,OCCASIONNELS,-0.5321352206446645,0.20111479132180424
CLIENT_0462,352,2,1,439100,58400,2025-08-24,1,FIDÈLES,0.3871954153380234,0.38379812647939693
CLIENT_0463,212,2,1,103900,12900,2026-01-11,1,FIDÈLES,0.26568312145463985,-0.4314779934192869
CLIENT_0464,302,2,1,260100,34300,2025-10-13,1,FIDÈLES,0.3414067618015725,0.08999957247338354
CLIENT_0465,699,1,1,19900,2700,2024-09-11,0,OCCASIONNELS,-1.5759300972275536,0.3718739510741187
CLIENT_0466,691,1,1,17500,1100,2024-09-19,0,OCCASIONNELS,-1.5952570639984767,0.3116755347822557
CLIENT_0467,697,1,1,18100,1200,2024-09-13,0,OCCASIONNELS,-1.5975784364877468,0.3383404007542747
CLIENT_0468,25,8,1,118700,14600,2026-07-17,2,STRATÉGIQUES,1.944388939743117,-0.7328825634928423
CLIENT_0469,212,4,3,463400,60900,2026-01-11,2,STRATÉGIQUES,1.2660821349730151,0.09341412546159661
CLIENT_0470,694,1,1,19400,1300,2024-09-16,0,OCCASIONNELS,-1.5732857660344501,0.35043346486904725
CLIENT_0471,701,1,1,21700,1900,2024-09-09,0,OCCASIONNELS,-1.55648581516923,0.40298491414461135
CLIENT_0472,689,1,1,20600,1800,2024-09-21,0,OCCASIONNELS,-1.5477111242132537,0.354196806452182
CLIENT_0473,680,1,1,23200,2100,2024-09-30,0,OCCASIONNELS,-1.4987712516994542,0.3641644176394671
CLIENT_0474,78,2,2,25800,2100,2026-05-25,1,FIDÈLES,0.1457551832267166,-1.215796270196888
CLIENT_0475,687,1,1,52600,6400,2024-09-23,0,OCCASIONNELS,-1.2924050610417188,0.6250774080942789
CLIENT_0476,345,2,1,110100,14100,2025-08-31,1,FIDÈLES,0.029287110295098014,-0.04368222608282526
CLIENT_0477,689,2,2,33200,2500,2024-09-21,0,OCCASIONNELS,-0.9440274589437307,0.5615736588284621
CLIENT_0478,454,2,2,36400,3300,2025-05-14,1,FIDÈLES,-0.4741678046588792,-0.06628958417107698
CLIENT_0479,681,1,1,150200,19800,2024-09-29,0,OCCASIONNELS,-0.999512262025288,0.9177938323779432
CLIENT_0480,291,4,3,302700,38200,2025-10-24,2,STRATÉGIQUES,1.0021678875556281,0.18801564937330642
CLIENT_0481,691,1,1,17100,1600,2024-09-19,0,OCCASIONNELS,-1.6014607993339862,0.3048567053483347
CLIENT_0482,140,3,2,225200,29300,2026-03-24,2,STRATÉGIQUES,0.9470990553537337,-0.3567488514411828
CLIENT_0483,313,2,1,414800,55300,2025-10-02,1,FIDÈLES,0.4457994108213342,0.25830604767101056
CLIENT_0484,693,1,1,9331300,933100,2024-09-17,0,OCCASIONNELS,0.08567040226037623,2.1690040631868426
CLIENT_0485,96,3,2,584200,78000,2026-05-07,2,STRATÉGIQUES,1.2862219427716028,-0.19825587341508244
CLIENT_0486,297,2,1,105700,13600,2025-10-18,1,FIDÈLES,0.1092726103229461,-0.18949744604856952
CLIENT_0487,245,3,2,266300,34900,2025-12-09,2,STRATÉGIQUES,0.7931718861738228,-0.014650740599618836
CLIENT_0488,669,1,1,56900,7000,2024-10-11,0,OCCASIONNELS,-1.23722330319289,0.5980811809472576
CLIENT_0489,306,2,1,463500,71900,2025-10-09,1,FIDÈLES,0.4888453706942452,0.27153417079357467
CLIENT_0490,153,3,2,314100,40400,2026-03-11,2,STRATÉGIQUES,1.011746752613814,-0.22238919979707808
CLIENT_0491,671,1,1,38800,5100,2024-10-09,0,OCCASIONNELS,-1.343740959846392,0.4907412061891143
CLIENT_0492,307,2,1,262300,34900,2025-10-08,1,FIDÈLES,0.33419498609911874,0.10641975665494814
CLIENT_0493,256,2,2,295100,38700,2025-11-28,1,FIDÈLES,0.46242063384218957,-0.0009805537286487833
CLIENT_0494,690,1,1,34800,3100,2024-09-20,0,OCCASIONNELS,-1.4089261089205782,0.5116116159985912
CLIENT_0495,519,6,5,1525100,203700,2025-03-10,2,STRATÉGIQUES,1.3988428265890913,1.3557015020661924
CLIENT_0496,294,2,1,147100,18500,2025-10-21,1,FIDÈLES,0.20363514013100523,-0.10038716673054493
CLIENT_0497,485,2,2,56000,6200,2025-04-13,0,OCCASIONNELS,-0.41730941247531356,0.14715766126166296
CLIENT_0498,674,1,1,52100,6300,2024-10-06,0,OCCASIONNELS,-1.270341293237054,0.586026575776738
CLIENT_0499,673,1,1,30900,2800,2024-10-07,0,OCCASIONNELS,-1.4086135832818305,0.4291753276691726
CLIENT_0500,672,1,1,595600,80100,2024-10-08,0,OCCASIONNELS,-0.612833208466356,1.2989871236030055
CLIENT_0501,661,1,1,364900,49200,2024-10-19,0,OCCASIONNELS,-0.7234550680046791,1.1238338179497125
CLIENT_0502,658,1,1,36300,3200,2024-10-22,0,OCCASIONNELS,-1.336984499781307,0.4348653620160083
CLIENT_0503,670,1,1,643500,96700,2024-10-10,0,OCCASIONNELS,-0.588289653346062,1.3162253473798664
CLIENT_0504,677,1,1,42100,5400,2024-10-03,0,OCCASIONNELS,-1.3332056621852773,0.5315374681834393
CLIENT_0505,274,2,2,102600,12700,2025-11-10,1,FIDÈLES,0.14485562137359362,-0.26238261612959735
CLIENT_0506,47,5,5,74400,5500,2026-06-25,2,STRATÉGIQUES,1.3017402850456885,-0.875960943942272
CLIENT_0507,162,3,3,37600,2800,2026-03-02,1,FIDÈLES,0.42514950190964396,-0.8233223756796153
CLIENT_0508,294,2,1,279200,37200,2025-10-21,1,FIDÈLES,0.3755748235200193,0.08860016276451115
CLIENT_0509,584,3,3,107300,13200,2025-01-04,0,OCCASIONNELS,-0.09290551436635686,0.662144790089344
CLIENT_0510,649,1,1,18700,1200,2024-10-31,0,OCCASIONNELS,-1.4979003284482328,0.21417029101301202
CLIENT_0511,207,3,2,176100,22300,2026-01-16,2,STRATÉGIQUES,0.7541899112893968,-0.24253494023151506
CLIENT_0512,449,3,1,85600,9500,2025-05-19,1,FIDÈLES,0.1022072323968576,0.21923376428299052
CLIENT_0513,104,4,2,98500,12000,2026-04-29,2,STRATÉGIQUES,1.0551780984786214,-0.6642960370512758
CLIENT_0514,273,2,2,160100,20100,2025-11-11,1,FIDÈLES,0.2661386994435316,-0.13394384328764006
CLIENT_0515,478,3,1,62500,6300,2025-04-20,1,FIDÈLES,-0.03711764548896729,0.20730756631776484
CLIENT_0516,283,2,1,31300,3500,2025-11-01,1,FIDÈLES,-0.19073651722499016,-0.587423776327099
CLIENT_0517,189,2,1,230600,33300,2026-02-03,1,FIDÈLES,0.5231673152553801,-0.26046070239799374
CLIENT_0518,41,14,9,1026900,127900,2026-07-01,2,STRATÉGIQUES,3.0922476657874416,0.032000150147723096
CLIENT_0519,268,2,1,19700,2200,2025-11-16,1,FIDÈLES,-0.28654609531318515,-0.7657737779054438
CLIENT_0520,298,2,2,116500,14400,2025-10-17,1,FIDÈLES,0.1334814390302771,-0.15801893637018152
CLIENT_0521,648,1,1,22500,2300,2024-11-01,0,OCCASIONNELS,-1.4463723187323256,0.26593785086252025
CLIENT_0522,662,1,1,35500,4100,2024-10-18,0,OCCASIONNELS,-1.3505411143242578,0.4394422229550079
CLIENT_0523,28,8,2,119200,14400,2026-07-14,2,STRATÉGIQUES,1.9398337550625329,-0.7232811900373644
CLIENT_0524,287,3,1,159900,19900,2025-10-28,2,STRATÉGIQUES,0.5767494089871157,-0.048016486602485434
CLIENT_0525,49,8,5,583700,77400,2026-06-23,2,STRATÉGIQUES,2.326291984468434,-0.1962486164515996
CLIENT_0526,286,2,1,341700,45700,2025-10-29,1,FIDÈLES,0.4449303183885629,0.125876984695411
CLIENT_0527,179,9,1,68400,6500,2026-02-13,2,STRATÉGIQUES,1.6283532615047585,-0.4488992633618924
CLIENT_0528,651,1,1,53400,6900,2024-10-29,0,OCCASIONNELS,-1.220158719304016,0.5291885005056703
CLIENT_0529,636,1,1,48400,5900,2024-11-13,0,OCCASIONNELS,-1.2181213830247137,0.4583868361183795
CLIENT_0530,635,1,1,145200,21200,2024-11-14,0,OCCASIONNELS,-0.9214564603953723,0.7795963864323886
CLIENT_0531,268,2,1,136500,17700,2025-11-16,1,FIDÈLES,0.23282141255673983,-0.1949115057168521
CLIENT_0532,79,5,3,458200,59400,2026-05-24,2,STRATÉGIQUES,1.7288749051907455,-0.2506555561528046
CLIENT_0533,56,4,1,107000,12600,2026-06-16,2,STRATÉGIQUES,1.1683153396440535,-0.7736725541986126
CLIENT_0534,640,1,1,1087400,1087400,2024-11-09,0,OCCASIONNELS,-0.3906953539034423,1.3873289212168458
CLIENT_0535,34,3,1,178300,22100,2026-07-08,2,STRATÉGIQUES,1.085242278551294,-0.7210652706154058
CLIENT_0536,280,2,2,143900,18400,2025-11-04,1,FIDÈLES,0.22425463855170202,-0.14589486631760473
CLIENT_0537,626,1,1,36200,3200,2024-11-23,0,OCCASIONNELS,-1.27710572445238,0.3448602564232257
CLIENT_0538,437,3,1,47700,5400,2025-05-31,1,FIDÈLES,-0.031956479309681644,0.013335055541240934
CLIENT_0539,618,1,1,79900,10200,2024-12-01,0,OCCASIONNELS,-1.0495254822531934,0.5560496497201771
CLIENT_0540,61,6,1,106800,10800,2026-06-11,2,STRATÉGIQUES,1.5530420729792511,-0.7049957672177277
CLIENT_0541,263,2,1,125300,15700,2025-11-21,1,FIDÈLES,0.21932183340455513,-0.2340965546873482
CLIENT_0542,262,2,2,128600,16800,2025-11-22,1,FIDÈLES,0.2281912263210109,-0.22921717044673123
CLIENT_0543,234,2,1,399800,53500,2025-12-20,1,FIDÈLES,0.5855698341700226,0.027251964806022495
CLIENT_0544,252,2,2,197500,26200,2025-12-02,1,FIDÈLES,0.36224962271433647,-0.1305610196627238
CLIENT_0545,287,4,4,374700,48900,2025-10-28,2,STRATÉGIQUES,1.0669990985525957,0.2397972093862462
CLIENT_0546,614,5,5,3983900,602700,2024-12-05,2,STRATÉGIQUES,1.2956895389551455,1.8783382036053058
CLIENT_0547,276,4,2,918700,122000,2025-11-08,2,STRATÉGIQUES,1.3284705253862583,0.4736298639744844
CLIENT_0548,245,2,2,310100,40700,2025-12-09,1,FIDÈLES,0.49656155790557227,-0.017017991864268167
CLIENT_0549,628,1,1,14900,1900,2024-11-21,0,OCCASIONNELS,-1.5190665736082978,0.08864803329992152
CLIENT_0550,61,3,1,142800,17900,2026-06-11,2,STRATÉGIQUES,0.9745234415468427,-0.7112879676788789
CLIENT_0551,617,1,1,208300,27900,2024-12-02,0,OCCASIONNELS,-0.7905327346058256,0.8358518669172256
CLIENT_0552,612,1,1,49400,6100,2024-12-07,0,OCCASIONNELS,-1.1671700862081171,0.39752430179554554
CLIENT_0553,243,2,1,196700,25600,2025-12-11,1,FIDÈLES,0.378209650523384,-0.15684317150315732
CLIENT_0554,199,5,4,36480200,3614500,2026-01-24,2,STRATÉGIQUES,2.6760273585606456,1.3747341112328606
CLIENT_0555,361,6,5,679118400,69750100,2025-08-15,2,STRATÉGIQUES,3.3345315280611088,2.7139465797156532
CLIENT_0556,254,2,1,93500,12000,2025-11-30,1,FIDÈLES,0.15782254294115336,-0.34551803804380754
CLIENT_0557,257,2,1,98800,12600,2025-11-27,1,FIDÈLES,0.16693323093081033,-0.3208958344328789
CLIENT_0558,233,2,1,110900,14200,2025-12-21,1,FIDÈLES,0.2433959265050683,-0.35371754055443244
CLIENT_0559,247,2,1,87500,10900,2025-12-07,1,FIDÈLES,0.15328776453861415,-0.38458823538363346
CLIENT_0560,616,1,1,158200,23200,2024-12-03,0,OCCASIONNELS,-0.8624566481993026,0.7519273698348685
CLIENT_0561,223,3,2,139500,17200,2025-12-31,2,STRATÉGIQUES,0.6613667999529245,-0.26665096885410833
CLIENT_0562,613,1,1,34100,4200,2024-12-06,0,OCCASIONNELS,-1.2685138020204456,0.2910018588585024
CLIENT_0563,591,2,1,-400,-100,2024-12-28,3,À RÉACTIVER,-3.5516322209691453,-2.7817736873387413
CLIENT_0564,601,1,1,-174400,-17400,2024-12-18,3,À RÉACTIVER,-4.0462084991828,-2.8205312649961085
CLIENT_0565,592,1,1,35300,5300,2024-12-27,0,OCCASIONNELS,-1.2194530598124766,0.2426695234458954
CLIENT_0566,227,5,1,128200,16100,2025-12-27,2,STRATÉGIQUES,1.1067570661535058,-0.21378454619866508
CLIENT_0567,611,1,1,740400,99200,2024-12-08,0,OCCASIONNELS,-0.43888737417102197,1.1931461097974896
CLIENT_0568,97,3,2,183500,22600,2026-05-06,2,STRATÉGIQUES,0.9736120003648144,-0.5369913761275716
CLIENT_0569,243,4,2,371800,53200,2025-12-11,2,STRATÉGIQUES,1.1482654304904873,0.11486741465604668
CLIENT_0570,189,3,1,80400,9900,2026-02-03,1,FIDÈLES,0.5779206770069866,-0.5239302918255626
CLIENT_0571,611,1,1,21800,2200,2024-12-08,0,OCCASIONNELS,-1.3847614823572811,0.15348953825316602
CLIENT_0572,596,2,1,195100,26100,2024-12-23,0,OCCASIONNELS,-0.2926844226217259,0.8246424968228645
CLIENT_0573,227,4,1,63100,6800,2025-12-27,2,STRATÉGIQUES,0.7026852770295978,-0.4528019619280227
CLIENT_0574,586,1,1,91400,12000,2025-01-02,0,OCCASIONNELS,-0.9528267374214828,0.5065151764518522
CLIENT_0575,580,1,1,49600,6300,2025-01-08,0,OCCASIONNELS,-1.105467070188149,0.30952430851750456
CLIENT_0576,599,1,1,17400,1100,2024-12-20,0,OCCASIONNELS,-1.4225151643952196,0.05355981633561876
CLIENT_0577,230,2,1,425700,56400,2025-12-24,1,FIDÈLES,0.6099894205908913,0.03461512844496018
CLIENT_0578,42,4,1,103000,12400,2026-06-30,2,STRATÉGIQUES,1.1846134566675153,-0.8239300957877966
CLIENT_0579,242,2,2,227400,30300,2025-12-12,1,FIDÈLES,0.41901777808996177,-0.11685835930079831
CLIENT_0580,28,4,1,371900,48600,2026-07-14,2,STRATÉGIQUES,1.555621056593123,-0.4843090671775658
CLIENT_0581,569,1,1,20100,2000,2025-01-19,0,OCCASIONNELS,-1.3269826345172602,0.012482299144735155
CLIENT_0582,582,1,1,15800,2000,2025-01-06,0,OCCASIONNELS,-1.416191540609973,-0.022269379531792272
CLIENT_0583,227,2,1,73900,8800,2025-12-27,1,FIDÈLES,0.14584977430408036,-0.4901516955147978
CLIENT_0584,184,3,3,3621100,389600,2026-02-08,2,STRATÉGIQUES,1.6090039868703891,0.5850368875911428
CLIENT_0585,31,4,2,123000,14500,2026-07-11,2,STRATÉGIQUES,1.2530647482846722,-0.8022553280488067
CLIENT_0586,244,2,1,111400,13600,2025-12-10,1,FIDÈLES,0.22376515432238506,-0.3217312836211377
CLIENT_0587,562,1,1,51300,6200,2025-01-26,0,OCCASIONNELS,-1.0623269012040468,0.26929258112082155
CLIENT_0588,59,2,2,107600,13300,2026-06-13,1,FIDÈLES,0.564906130724383,-0.8476055298512345
CLIENT_0589,575,1,1,85300,11200,2025-01-13,0,OCCASIONNELS,-0.9505215679533777,0.45548550077785727
CLIENT_0590,471,2,1,55700,6600,2025-04-27,1,FIDÈLES,-0.3922298689742841,0.10655221572408034
CLIENT_0591,555,1,1,196400,26400,2025-02-02,0,OCCASIONNELS,-0.6888673618618488,0.6456944567012363
CLIENT_0592,349,2,1,85100,10400,2025-08-27,1,FIDÈLES,-0.0473973191099557,-0.10849223914809288
CLIENT_0593,570,1,1,14712700,1421200,2025-01-18,0,OCCASIONNELS,0.4408481466030573,1.9604611183528342
CLIENT_0594,195,2,1,111100,14300,2026-01-28,1,FIDÈLES,0.3158643582324377,-0.45910113822205195
CLIENT_0595,199,2,2,329000,43400,2026-01-24,1,FIDÈLES,0.5995755338669989,-0.12778268567829407
CLIENT_0596,33,4,1,103800,12300,2026-07-09,2,STRATÉGIQUES,1.2037384613655333,-0.8467334664744531
CLIENT_0597,549,1,1,72100,8900,2025-02-08,0,OCCASIONNELS,-0.9463773536888312,0.333436208833278
CLIENT_0598,561,1,1,14700,1300,2025-01-27,0,OCCASIONNELS,-1.3957713685200814,-0.10208196868887723
CLIENT_0599,200,2,1,295300,39000,2026-01-23,1,FIDÈLES,0.5686855547754238,-0.15686597499262175
CLIENT_0600,570,1,1,15800,1700,2025-01-18,0,OCCASIONNELS,-1.3934594399876592,-0.05571621447369786
CLIENT_0601,559,1,1,25300,2900,2025-01-29,0,OCCASIONNELS,-1.2463067913964754,0.05246307036683237
CLIENT_0602,567,1,1,18800,2000,2025-01-21,0,OCCASIONNELS,-1.3411333665363003,-0.012810263741728185
CLIENT_0603,541,1,1,27100,3200,2025-02-16,0,OCCASIONNELS,-1.1937682265595353,0.022561580288003626
CLIENT_0604,559,1,1,16200,1500,2025-01-29,0,OCCASIONNELS,-1.3659138732237297,-0.07900293292972646
CLIENT_0605,537,1,1,257100,34700,2025-02-20,0,OCCASIONNELS,-0.5825091302413317,0.6749487990588878
CLIENT_0606,109,2,1,95700,12200,2026-04-24,1,FIDÈLES,0.43874219367942713,-0.7428084922677711
CLIENT_0607,536,1,1,29500,2600,2025-02-21,0,OCCASIONNELS,-1.1615290328238195,0.03365025738287442
CLIENT_0608,543,1,1,22100,2000,2025-02-14,0,OCCASIONNELS,-1.2522791785835727,-0.03201187351957195
CLIENT_0609,558,1,1,21200,1900,2025-01-30,0,OCCASIONNELS,-1.2918493724939604,-0.002464411723596023
CLIENT_0610,546,1,1,12900,600,2025-02-11,0,OCCASIONNELS,-1.4024010645985643,-0.18240999294644372
CLIENT_0611,551,1,1,18200,2300,2025-02-06,0,OCCASIONNELS,-1.319526303126336,-0.06697128233441796
CLIENT_0612,532,1,1,38400,2900,2025-02-25,0,OCCASIONNELS,-1.0832078812777324,0.10025927193786502
CLIENT_0613,544,1,1,33900,2500,2025-02-13,0,OCCASIONNELS,-1.1393825057471536,0.09694779053961494
CLIENT_0614,543,1,1,34000,3800,2025-02-14,0,OCCASIONNELS,-1.136697862406885,0.09502921352451181
CLIENT_0615,90,4,2,234800,30100,2026-05-13,2,STRATÉGIQUES,1.314776610583683,-0.44713019489761463
CLIENT_0616,501,2,2,36200,2400,2025-03-28,0,OCCASIONNELS,-0.5646801486082184,0.06308566588733178
CLIENT_0617,523,1,1,17900,1900,2025-03-06,0,OCCASIONNELS,-1.270944121509581,-0.14991542737260619
CLIENT_0618,533,2,2,160600,20500,2025-02-24,0,OCCASIONNELS,-0.22555349737726443,0.5916571834524984
CLIENT_0619,215,2,2,27600,1500,2026-01-08,1,FIDÈLES,-0.09567479578509291,-0.8140559834114485
CLIENT_0620,72,6,1,92200,10400,2026-05-31,2,STRATÉGIQUES,1.4927629821624868,-0.7176880686934217
CLIENT_0621,488,3,2,1243800,165700,2025-04-10,2,STRATÉGIQUES,0.7464009390129052,1.1172052281703546
CLIENT_0622,502,1,1,18500,1700,2025-03-27,0,OCCASIONNELS,-1.2223170772195084,-0.19872446141403016
CLIENT_0623,185,3,3,51900,5600,2026-02-07,1,FIDÈLES,0.46805959097054756,-0.6641615938172879
CLIENT_0624,141,3,2,208500,25900,2026-03-23,2,STRATÉGIQUES,0.924531168767817,-0.3766849211756256
CLIENT_0625,524,1,1,22200,3300,2025-03-05,0,OCCASIONNELS,-1.2150753836638848,-0.08363796051236465
CLIENT_0626,506,1,1,53000,6500,2025-03-23,0,OCCASIONNELS,-0.9474965485400804,0.12282184550042297
CLIENT_0627,498,1,1,28600,3400,2025-03-31,0,OCCASIONNELS,-1.097857114722442,-0.08140201936031288
CLIENT_0628,503,1,1,19400,2200,2025-03-26,0,OCCASIONNELS,-1.2114664977959568,-0.18192865795628185
CLIENT_0629,478,1,1,34400,3900,2025-04-20,0,OCCASIONNELS,-1.0104275182718931,-0.08269186731615033
CLIENT_0630,475,1,1,45300,5400,2025-04-23,0,OCCASIONNELS,-0.9308925103324023,-0.009879243697713503
CLIENT_0631,470,1,1,19900,1300,2025-04-28,0,OCCASIONNELS,-1.1421258436850668,-0.26640314906724444
CLIENT_0632,286,3,1,53100,6400,2025-10-29,1,FIDÈLES,0.2828641443924209,-0.3759095786596727
CLIENT_0633,486,1,1,13800,1500,2025-04-12,0,OCCASIONNELS,-1.2706464032329434,-0.32975599186959703
CLIENT_0634,27,5,2,145300,18500,2026-07-15,2,STRATÉGIQUES,1.5192206371076498,-0.7343056351002614
CLIENT_0635,99,3,1,95700,11700,2026-05-04,2,STRATÉGIQUES,0.7951524963021313,-0.7234061598699844
CLIENT_0636,27,3,3,249700,31300,2026-07-15,2,STRATÉGIQUES,1.18886880309855,-0.6412500809620533
CLIENT_0637,462,1,1,19000,1200,2025-05-06,1,FIDÈLES,-1.1393882964905313,-0.30234937709897264
CLIENT_0638,471,1,1,13500,600,2025-04-27,0,OCCASIONNELS,-1.2481281181827917,-0.3780460420824536
CLIENT_0639,472,1,1,21600,1400,2025-04-26,0,OCCASIONNELS,-1.1239208373489122,-0.2366543346562378
CLIENT_0640,99,2,1,529700,71300,2026-05-04,1,FIDÈLES,0.9167952881195088,-0.26605091624600835
CLIENT_0641,469,1,1,45000,5500,2025-04-29,0,OCCASIONNELS,-0.9213092517428938,-0.028562214890525378
CLIENT_0642,459,1,1,26600,2700,2025-05-09,1,FIDÈLES,-1.0434287209145965,-0.21148370653674445
CLIENT_0643,456,3,3,56565600,8561900,2025-05-12,2,STRATÉGIQUES,1.8312400997812632,2.153784295959841
CLIENT_0644,461,1,1,47500,5700,2025-05-07,1,FIDÈLES,-0.8916477794049278,-0.034915037769415465
CLIENT_0645,453,2,2,196600,25000,2025-05-15,1,FIDÈLES,-0.019738552650846706,0.42832646958169734
CLIENT_0646,456,1,1,13900,800,2025-05-12,1,FIDÈLES,-1.2118789899191833,-0.41124384983284495
CLIENT_0647,70,2,2,44600,3800,2026-06-02,1,FIDÈLES,0.3077703219152086,-1.076672694262869
CLIENT_0648,242,2,1,72400,8400,2025-12-12,1,FIDÈLES,0.11193251228953076,-0.4543908193298077
CLIENT_0649,73,2,1,104200,13400,2026-05-30,1,FIDÈLES,0.5297702273940661,-0.8180535220722783
CLIENT_0650,443,1,1,18300,1600,2025-05-25,1,FIDÈLES,-1.1134672546244144,-0.36637689072532637
CLIENT_0651,456,1,1,15100,1400,2025-05-12,1,FIDÈLES,-1.1896624487220013,-0.38682456099436974
CLIENT_0652,441,1,1,13900,1200,2025-05-27,1,FIDÈLES,-1.1834638641412911,-0.45305239351022686
CLIENT_0653,459,1,1,14500,1300,2025-05-09,1,FIDÈLES,-1.206223868411469,-0.3904198286335788
CLIENT_0654,403,2,2,97200,12200,2025-07-04,1,FIDÈLES,-0.11402136743304189,0.08122560717721776
CLIENT_0655,460,1,1,53100,6600,2025-05-08,1,FIDÈLES,-0.8598510610969643,-0.004835106960372863
CLIENT_0656,272,2,2,60800,7100,2025-11-12,1,FIDÈLES,0.008250719656588683,-0.42227055607275377
CLIENT_0657,436,1,1,13000,1500,2025-06-01,1,FIDÈLES,-1.1919516939012649,-0.48672878319356183
CLIENT_0658,444,1,1,15000,900,2025-05-24,1,FIDÈLES,-1.1687130608540546,-0.4222308628613268
CLIENT_0659,450,1,1,16900,1100,2025-05-18,1,FIDÈLES,-1.148080944246537,-0.37033669251062473
CLIENT_0660,429,1,1,22300,1400,2025-06-08,1,FIDÈLES,-1.033907061965047,-0.3470999857161984
CLIENT_0661,431,1,1,48800,6100,2025-06-06,1,FIDÈLES,-0.8275730088880732,-0.11056931941846374
CLIENT_0662,440,1,1,27100,3000,2025-05-28,1,FIDÈLES,-1.0024397129883948,-0.2589492804730342
CLIENT_0663,425,1,1,15000,800,2025-06-12,1,FIDÈLES,-1.132720568202058,-0.4751883515193438
CLIENT_0664,438,1,1,120800,15500,2025-05-30,1,FIDÈLES,-0.5976342600728574,0.17625342454839749
CLIENT_0665,427,1,1,14100,1300,2025-06-10,1,FIDÈLES,-1.1531102156824287,-0.4878608119054342
CLIENT_0666,431,1,1,69300,5600,2025-06-06,1,FIDÈLES,-0.73347261077386,-0.0071389617866487376
CLIENT_0667,436,1,1,793400,110000,2025-06-01,1,FIDÈLES,-0.08882711538833969,0.7257694841310215
CLIENT_0668,292,2,2,151000,18500,2025-10-23,1,FIDÈLES,0.2144448340644972,-0.09824450261850634
CLIENT_0669,415,1,1,20500,1800,2025-06-22,1,FIDÈLES,-1.0299671020132413,-0.41094098318024624
CLIENT_0670,428,1,1,9700,900,2025-06-09,1,FIDÈLES,-1.2553589010325379,-0.5953779511967369
CLIENT_0671,428,2,1,44397400,6737000,2025-06-09,2,STRATÉGIQUES,1.481823466404826,1.9570318467830166
CLIENT_0672,299,3,1,55200,6000,2025-10-16,1,FIDÈLES,0.2686443863797638,-0.32823701089452895
CLIENT_0673,258,2,1,56200,6000,2025-11-26,1,FIDÈLES,0.013662701698105859,-0.4844935819422924
CLIENT_0674,49,4,2,169700,21800,2026-06-23,2,STRATÉGIQUES,1.305322629308924,-0.6571669302503068
CLIENT_0675,416,1,1,25600,3000,2025-06-21,1,FIDÈLES,-0.9722531632839188,-0.3426353656307336
CLIENT_0676,413,2,1,1154500,154700,2025-06-24,1,FIDÈLES,0.5310191878216067,0.8389152829190034
CLIENT_0677,407,1,1,29100,3200,2025-06-30,1,FIDÈLES,-0.9208218879168543,-0.3299293315113228
CLIENT_0678,50,4,2,423700,57000,2026-06-22,2,STRATÉGIQUES,1.5489339170783305,-0.3845324290898537
CLIENT_0679,25,2,1,225000,29800,2026-07-17,1,FIDÈLES,0.8272430722244596,-0.7248177464618047
CLIENT_0680,398,2,2,260100,36900,2025-07-09,1,FIDÈLES,0.15954995682306278,0.35757425200862747
CLIENT_0681,389,1,1,7810900,1120500,2025-07-18,1,FIDÈLES,0.6138293354642241,1.2692318114690608
CLIENT_0682,212,2,2,200500,25800,2026-01-11,1,FIDÈLES,0.4420682991388033,-0.23760440335560482
CLIENT_0683,61,2,1,103600,13100,2026-06-11,1,FIDÈLES,0.5509528769701534,-0.8532034345681135
CLIENT_0684,393,1,1,9900,900,2025-07-14,1,FIDÈLES,-1.1835814910134004,-0.6869128845770915
CLIENT_0685,383,1,1,196900,26000,2025-07-24,1,FIDÈLES,-0.3623583745038261,0.16703967491418656
CLIENT_0686,381,1,1,29200,2200,2025-07-26,1,FIDÈLES,-0.8706485704104375,-0.40138578107493783
CLIENT_0687,372,1,1,71200,6400,2025-08-04,1,FIDÈLES,-0.6144491891668391,-0.16360909001002488
CLIENT_0688,388,1,1,156300,20500,2025-07-19,1,FIDÈLES,-0.4337887183690633,0.112874084701705
CLIENT_0689,372,1,1,109900,15900,2025-08-04,1,FIDÈLES,-0.49798081848681885,-0.03559299790371769
CLIENT_0690,381,1,1,52300,6700,2025-07-26,1,FIDÈLES,-0.7142711609050838,-0.22950370921542973
CLIENT_0691,24,3,2,231300,30700,2026-07-18,2,STRATÉGIQUES,1.1740138334692476,-0.6721861059407223
CLIENT_0692,363,1,1,37100,4400,2025-08-13,1,FIDÈLES,-0.7723047898570681,-0.3809405145204689
CLIENT_0693,368,1,1,15000,1700,2025-08-08,1,FIDÈLES,-1.0247430902460677,-0.6340608174933949
CLIENT_0694,384,1,1,45500,5300,2025-07-23,1,FIDÈLES,-0.757325433181688,-0.26221856904221547
CLIENT_0695,366,1,1,33800,3800,2025-08-10,1,FIDÈLES,-0.8029823161224187,-0.40005148645818994
CLIENT_0696,362,1,1,20900,1300,2025-08-14,1,FIDÈLES,-0.9243822470359829,-0.5529656981529173
CLIENT_0697,377,1,1,28000,3400,2025-07-30,1,FIDÈLES,-0.8743304384224752,-0.42491030271913666
CLIENT_0698,362,1,1,25400,2700,2025-08-14,1,FIDÈLES,-0.8720630709789188,-0.49545912858435887
CLIENT_0699,287,4,3,35177400,4923800,2025-10-28,2,STRATÉGIQUES,2.285694580814084,1.5793251189450475
CLIENT_0700,350,1,1,167000,22400,2025-08-26,1,FIDÈLES,-0.34403693547774566,0.026487465025546296
CLIENT_0701,203,2,2,31500,2700,2026-01-20,1,FIDÈLES,-0.03748021495397993,-0.8085242690165552
CLIENT_0702,351,1,1,23400,2800,2025-08-25,1,FIDÈLES,-0.8732297770194056,-0.5503049127202009
CLIENT_0703,199,2,1,57900,7200,2026-01-24,1,FIDÈLES,0.1334246815982491,-0.6401519245630521
CLIENT_0704,165,2,1,110300,14000,2026-02-27,1,FIDÈLES,0.3707555756161625,-0.5448495130303821
CLIENT_0705,336,1,1,311000,42000,2025-09-09,1,FIDÈLES,-0.15067880173033088,0.17084526214965834
CLIENT_0706,359,1,1,180700,23900,2025-08-17,1,FIDÈLES,-0.33993099290343803,0.07482510796454887
CLIENT_0707,76,4,1,72300,9000,2026-05-27,2,STRATÉGIQUES,1.0252489233053104,-0.8335358606805306
CLIENT_0708,354,1,1,15600,1800,2025-08-22,1,FIDÈLES,-0.9876994841802104,-0.6615159757356186
CLIENT_0709,29,5,2,253600,31300,2026-07-13,2,STRATÉGIQUES,1.6648713185160724,-0.5644750355372556
CLIENT_0710,340,1,1,58400,4700,2025-09-05,1,FIDÈLES,-0.6070032925371706,-0.3112457413157978
CLIENT_0711,339,1,1,182900,24300,2025-09-06,1,FIDÈLES,-0.29879719924915976,0.02264927508165075
CLIENT_0712,328,1,1,73200,9200,2025-09-17,1,FIDÈLES,-0.5236652296742463,-0.27807759401758236
CLIENT_0713,339,1,1,99300,12800,2025-09-06,1,FIDÈLES,-0.4626812190606063,-0.1574836799209817
CLIENT_0714,318,1,1,203400,27000,2025-09-27,1,FIDÈLES,-0.23051173460392554,-0.004552226063439917
CLIENT_0715,339,1,1,20100,1800,2025-09-06,1,FIDÈLES,-0.8912840392562471,-0.6285820372417867
CLIENT_0716,301,2,2,1284200,173600,2025-10-14,2,STRATÉGIQUES,0.7717525726654392,0.5581443361948184
CLIENT_0717,302,1,1,10500,500,2025-10-13,1,FIDÈLES,-0.9954101479783722,-0.9231999458118143
CLIENT_0718,304,1,1,11000,500,2025-10-11,1,FIDÈLES,-0.9867179697501471,-0.9039071468163737
CLIENT_0719,296,1,1,45800,5500,2025-10-19,1,FIDÈLES,-0.5888600966872612,-0.5055572673804117
CLIENT_0720,305,1,1,60900,7800,2025-10-10,1,FIDÈLES,-0.5294544801035096,-0.396437043556072
CLIENT_0721,105,2,1,59900,7300,2026-04-28,1,FIDÈLES,0.32060439356487735,-0.8921371361865331
CLIENT_0722,291,1,1,82500,10400,2025-10-24,1,FIDÈLES,-0.4214837414747139,-0.3459327156133396
CLIENT_0723,300,2,2,138400,19100,2025-10-15,1,FIDÈLES,0.1759114853275976,-0.10164319373101502
CLIENT_0724,278,1,1,75600,17100,2025-11-06,1,FIDÈLES,-0.4202921833292617,-0.4079252161159436
CLIENT_0725,295,1,1,148300,19100,2025-10-20,1,FIDÈLES,-0.2717121186571862,-0.16183378739185647
CLIENT_0726,287,1,1,89300,11400,2025-10-28,1,FIDÈLES,-0.39265520842811047,-0.33372346273973325
CLIENT_0727,276,1,1,199800,26600,2025-11-08,1,FIDÈLES,-0.15574082722765445,-0.12688266007905594
CLIENT_0728,264,1,1,48900,6100,2025-11-20,1,FIDÈLES,-0.5106686896715059,-0.5754340623336425
CLIENT_0729,227,2,1,131800,17200,2025-12-27,1,FIDÈLES,0.3010880019833741,-0.3195217542098708
CLIENT_0730,282,1,1,192000,32000,2025-11-02,1,FIDÈLES,-0.17779153156082753,-0.1219032692946643
CLIENT_0731,265,1,1,20000,2000,2025-11-19,1,FIDÈLES,-0.7524409180908416,-0.8363083631981896
CLIENT_0732,277,1,1,36600,4300,2025-11-07,1,FIDÈLES,-0.613031998330061,-0.6246443893164881
CLIENT_0733,260,1,1,24600,2600,2025-11-24,1,FIDÈLES,-0.6874266884711349,-0.78919503848427
CLIENT_0734,177,2,2,52800,6800,2026-02-15,1,FIDÈLES,0.1503603319961546,-0.7286639222552228
CLIENT_0735,259,1,1,45600,5900,2025-11-25,1,FIDÈLES,-0.5199436748380515,-0.6099756530878032
CLIENT_0736,242,1,1,62600,8100,2025-12-12,1,FIDÈLES,-0.40272379214247117,-0.5639133378778167
CLIENT_0737,252,1,1,0,0,2025-12-02,3,À RÉACTIVER,-3.3850832394171766,-3.7932767145565265
CLIENT_0738,257,1,1,30000,2200,2025-11-27,1,FIDÈLES,-0.6284982411469855,-0.7390320951723875
CLIENT_0739,246,1,1,48900,5900,2025-12-08,1,FIDÈLES,-0.47657053873803534,-0.6256043147465007
CLIENT_0740,232,1,1,108800,15700,2025-12-22,1,FIDÈLES,-0.23547207629603603,-0.42877278351184767
CLIENT_0741,241,1,1,208300,27700,2025-12-13,1,FIDÈLES,-0.07826024843999575,-0.2121489612624798
CLIENT_0742,65,2,1,217300,28900,2026-06-07,1,FIDÈLES,0.7421263071410367,-0.6235977515721863
CLIENT_0743,38,2,2,82100,10000,2026-07-04,1,FIDÈLES,0.5321135044617471,-0.9859069126211939
CLIENT_0744,239,1,1,210900,28000,2025-12-15,1,FIDÈLES,-0.07114320191995346,-0.21406506682873458
CLIENT_0745,223,1,1,73700,9600,2025-12-31,1,FIDÈLES,-0.32293285166096175,-0.5687298068004386
CLIENT_0746,236,1,1,21700,2200,2025-12-18,1,FIDÈLES,-0.6756169160545733,-0.8930799398542264
CLIENT_0747,239,1,1,40300,5200,2025-12-15,1,FIDÈLES,-0.5152080747556941,-0.7021585237063599
CLIENT_0748,214,1,1,19100,2200,2026-01-09,1,FIDÈLES,-0.6681831427285345,-0.9920359161417255
CLIENT_0749,216,1,1,7665000,1162500,2026-01-07,1,FIDÈLES,0.9364911891036072,0.7814790565037356
CLIENT_0750,126,2,1,72300,9300,2026-04-07,1,FIDÈLES,0.3313052996084167,-0.7781178454029414
CLIENT_0751,227,1,1,13400,1200,2025-12-27,1,FIDÈLES,-0.7879035076189786,-1.0603242339670842
CLIENT_0752,219,1,1,25600,3200,2026-01-04,1,FIDÈLES,-0.5990678447342686,-0.8917209059270155
CLIENT_0753,216,1,1,181800,24000,2026-01-07,1,FIDÈLES,-0.06741173599230081,-0.32195983059074446
CLIENT_0754,219,1,1,416300,55900,2026-01-04,1,FIDÈLES,0.1492032001104899,-0.06925954205595851
CLIENT_0755,49,3,3,41300,3200,2026-06-23,1,FIDÈLES,0.6643931169982189,-1.1106002013605076
CLIENT_0756,214,1,1,20400,2400,2026-01-09,1,FIDÈLES,-0.6505164093733399,-0.9726175440016219
CLIENT_0757,213,1,1,13800,700,2026-01-10,1,FIDÈLES,-0.7534911140753063,-1.090671486797947
CLIENT_0758,102,2,1,31800,3600,2026-05-01,1,FIDÈLES,0.15639150848496772,-1.0872397632177107
CLIENT_0759,213,1,1,72900,9400,2026-01-10,1,FIDÈLES,-0.306917828609354,-0.5998209107090295
CLIENT_0760,176,3,1,29700,2200,2026-02-16,1,FIDÈLES,0.33534661789201214,-0.85385752455942
CLIENT_0761,172,3,2,35800,2700,2026-02-20,1,FIDÈLES,0.39304393536998217,-0.809917176409172
CLIENT_0762,219,1,1,10700,500,2026-01-04,1,FIDÈLES,-0.8331175635027038,-1.1489764181349766
CLIENT_0763,210,1,1,12100,700,2026-01-13,1,FIDÈLES,-0.7830789041547331,-1.137801076507683
CLIENT_0764,60,2,2,34000,2600,2026-06-12,1,FIDÈLES,0.25390204866963567,-1.1845759527782291
CLIENT_0765,203,1,1,105800,15300,2026-01-20,1,FIDÈLES,-0.18803840567238203,-0.517848713282679
CLIENT_0766,196,1,1,22700,2700,2026-01-27,1,FIDÈLES,-0.5877554815278513,-0.991283134094851
CLIENT_0767,200,1,1,19000,1200,2026-01-23,1,FIDÈLES,-0.6430707662366818,-1.0326052733305757
CLIENT_0768,199,1,1,18000,1200,2026-01-24,1,FIDÈLES,-0.6556826924152964,-1.0513370592968005
CLIENT_0769,184,1,1,1304400,128700,2026-02-08,1,FIDÈLES,0.5219453393433251,0.17001060297953807
CLIENT_0770,192,1,1,11200,1000,2026-01-31,1,FIDÈLES,-0.7697174955333733,-1.2107640983077352
CLIENT_0771,192,1,1,11400,1000,2026-01-31,1,FIDÈLES,-0.7649688518196747,-1.2055446313616147
CLIENT_0772,173,1,1,58200,7200,2026-02-19,1,FIDÈLES,-0.2915686741556721,-0.7777259044207875
CLIENT_0773,195,1,1,161800,21400,2026-01-28,1,FIDÈLES,-0.05890147776069592,-0.41486318954703394
CLIENT_0774,194,1,1,140800,18000,2026-01-29,1,FIDÈLES,-0.09430820574712581,-0.4586498589183968
CLIENT_0775,191,1,1,18200,1600,2026-02-01,1,FIDÈLES,-0.6375632844569243,-1.0703763305915825
CLIENT_0776,166,1,1,23700,2900,2026-02-26,1,FIDÈLES,-0.5193586311330577,-1.0621868060074138
CLIENT_0777,55,2,1,34000,3600,2026-06-17,1,FIDÈLES,0.2633737572622665,-1.1985121340040232
CLIENT_0778,172,1,1,53700,6500,2026-02-20,1,FIDÈLES,-0.31126589438837127,-0.8042454841968864
CLIENT_0779,146,1,1,61700,7900,2026-03-18,1,FIDÈLES,-0.22475248890359414,-0.8357587627293713
CLIENT_0780,147,1,1,28600,3200,2026-03-17,1,FIDÈLES,-0.43294317151976586,-1.0597219414110484
CLIENT_0781,149,1,1,73500,9200,2026-03-15,1,FIDÈLES,-0.18348067217802191,-0.7757866869217159
CLIENT_0782,139,1,1,104100,13700,2026-03-25,1,FIDÈLES,-0.07114680832831252,-0.701009034161096
CLIENT_0783,141,1,1,323200,43400,2026-03-23,1,FIDÈLES,0.22904214081149232,-0.3613178535635902
CLIENT_0784,142,1,1,59600,400,2026-03-22,1,FIDÈLES,-0.22646628016721096,-0.8571200748015027
CLIENT_0785,59,3,2,139500,17200,2026-06-13,2,STRATÉGIQUES,0.9720388417912119,-0.7237577130601501
CLIENT_0786,117,2,2,277700,16200,2026-04-16,1,FIDÈLES,0.7094279056797086,-0.40632936479972476
CLIENT_0787,133,1,1,48600,6200,2026-03-31,1,FIDÈLES,-0.2641610657909595,-0.9423768606842567
CLIENT_0788,29,2,1,39800,4400,2026-07-13,1,FIDÈLES,0.35488683561425627,-1.224530027149613
CLIENT_0789,124,1,1,55700,7600,2026-04-09,1,FIDÈLES,-0.21052615367410607,-0.9272487014549751
CLIENT_0790,120,1,1,1899200,298800,2026-04-13,1,FIDÈLES,0.7439863357305259,0.10242513795456075
CLIENT_0791,139,1,1,354800,48000,2026-03-25,1,FIDÈLES,0.2578599682308172,-0.339381567702359
CLIENT_0792,121,1,1,16300,1400,2026-04-12,1,FIDÈLES,-0.5345411269982875,-1.2979976325257463
CLIENT_0793,138,1,1,121200,15400,2026-03-26,1,FIDÈLES,-0.02844475893980876,-0.6589425196992975
CLIENT_0794,121,1,1,12100,600,2026-04-12,1,FIDÈLES,-0.6144824912059063,-1.3858651023268151
CLIENT_0795,115,1,1,23400,2100,2026-04-18,1,FIDÈLES,-0.42616513144723595,-1.2080926665776754
CLIENT_0796,114,1,1,21700,1900,2026-04-19,1,FIDÈLES,-0.4445072263943837,-1.233122761763599
CLIENT_0797,117,1,1,30600,2700,2026-04-16,1,FIDÈLES,-0.35797723180321545,-1.1234052054243804
CLIENT_0798,134,1,1,12400,1100,2026-03-30,1,FIDÈLES,-0.6325381592719521,-1.3424087712260895
CLIENT_0799,136,1,1,61900,7600,2026-03-28,1,FIDÈLES,-0.2049407513229088,-0.8626767116945393
CLIENT_0800,112,1,1,133400,17400,2026-04-21,1,FIDÈLES,0.046542041501085644,-0.7031252545344271
CLIENT_0801,107,1,1,52400,6400,2026-04-26,1,FIDÈLES,-0.19470899886198526,-0.9926430922739897
CLIENT_0802,130,1,1,178900,23800,2026-04-03,1,FIDÈLES,0.09118711745290767,-0.566404463749311
CLIENT_0803,125,1,1,68500,8600,2026-04-08,1,FIDÈLES,-0.15691944960460857,-0.863457546737255
CLIENT_0804,104,1,1,20300,1900,2026-04-29,1,FIDÈLES,-0.44345725996738744,-1.280662692560098
CLIENT_0805,85,2,1,35500,2600,2026-05-18,1,FIDÈLES,0.21812691829372044,-1.1021631503926594
CLIENT_0806,84,2,1,26400,1900,2026-05-19,1,FIDÈLES,0.14055733166778508,-1.1922930832916718
CLIENT_0807,91,2,1,25400,1800,2026-05-12,1,FIDÈLES,0.11693639577005958,-1.1841702109134362
CLIENT_0808,102,2,1,30800,2300,2026-05-01,1,FIDÈLES,0.14781868541914334,-1.0966625730397932
CLIENT_0809,102,1,1,227900,30300,2026-05-01,1,FIDÈLES,0.2091820702817441,-0.5730536313532163
CLIENT_0810,100,1,1,168300,22400,2026-05-03,1,FIDÈLES,0.1316290745874108,-0.6680347283800224
CLIENT_0811,68,2,1,986800,132900,2026-06-04,2,STRATÉGIQUES,1.1424536566730938,-0.16897014919830136
CLIENT_0812,84,1,1,21000,2000,2026-05-19,1,FIDÈLES,-0.39647456760458744,-1.326409714329568
CLIENT_0813,99,1,1,2105800,273800,2026-05-04,1,FIDÈLES,0.8114744399758852,0.07434721893055293
CLIENT_0814,83,1,1,51700,6100,2026-05-20,1,FIDÈLES,-0.15285324716775367,-1.063502985839881
CLIENT_0815,76,1,1,21900,2000,2026-05-27,1,FIDÈLES,-0.37006073022914493,-1.3363321719003718
CLIENT_0816,71,1,1,12900,1200,2026-06-01,1,FIDÈLES,-0.5025887482986461,-1.5063472093968693
CLIENT_0817,71,1,1,11600,1000,2026-06-01,1,FIDÈLES,-0.5310874422907894,-1.537671520140692
CLIENT_0818,88,1,1,53000,6800,2026-05-15,1,FIDÈLES,-0.15566171019615255,-1.0422429049759516
CLIENT_0819,94,1,1,648900,87700,2026-05-09,1,FIDÈLES,0.5050933736488281,-0.286758221125508
CLIENT_0820,91,1,1,81400,10300,2026-05-12,1,FIDÈLES,-0.046216952991769464,-0.9073386104333914
CLIENT_0821,76,1,1,8200,700,2026-05-27,1,FIDÈLES,-0.6336202764594465,-1.6260233811850808
CLIENT_0822,67,1,1,58800,7300,2026-06-05,1,FIDÈLES,-0.08801652506756769,-1.0701481687056702
CLIENT_0823,66,1,1,205500,27600,2026-06-06,1,FIDÈLES,0.24961837713489918,-0.7039065066861052
CLIENT_0824,67,1,1,1089500,146400,2026-06-05,1,FIDÈLES,0.6952801240053925,-0.20918844729104258
CLIENT_0825,71,1,1,21600,2400,2026-06-01,1,FIDÈLES,-0.36428980821992885,-1.3543360689649129
CLIENT_0826,73,1,1,56900,7000,2026-05-30,1,FIDÈLES,-0.1081956389513087,-1.0631116211673817
CLIENT_0827,80,1,1,25000,3400,2026-05-23,1,FIDÈLES,-0.3421175967627168,-1.2861409048136905
CLIENT_0828,79,1,1,50000,6100,2026-05-24,1,FIDÈLES,-0.15424675945290026,-1.084512263596016
CLIENT_0829,80,1,1,20600,2000,2026-05-23,1,FIDÈLES,-0.39405701763083234,-1.3432300668495218
CLIENT_0830,78,1,1,27200,2400,2026-05-25,1,FIDÈLES,-0.3156997768834368,-1.266842584818285
CLIENT_0831,69,1,1,26000,2300,2026-06-03,1,FIDÈLES,-0.3107567406862416,-1.3052340518717909
CLIENT_0832,84,1,1,22700,2000,2026-05-19,1,FIDÈLES,-0.37558920905292326,-1.3034535935526355
CLIENT_0833,62,1,1,72700,9100,2026-06-10,1,FIDÈLES,-0.021609348872264306,-1.0215037881687867
CLIENT_0834,85,1,1,10095800,999500,2026-05-18,1,FIDÈLES,1.2585586798819335,0.49758780960738985
CLIENT_0835,83,1,1,50600,6500,2026-05-20,1,FIDÈLES,-0.15862357415849426,-1.0698454349289956
CLIENT_0836,77,1,1,25400,2700,2026-05-26,1,FIDÈLES,-0.3321756811989679,-1.2898214584546144
CLIENT_0837,67,1,1,49300,3800,2026-06-05,1,FIDÈLES,-0.13529753707752581,-1.1221170453457943
CLIENT_0838,62,1,1,16400,1900,2026-06-10,1,FIDÈLES,-0.42113398984873596,-1.4606408941432343
CLIENT_0839,63,1,1,32800,4000,2026-06-09,1,FIDÈLES,-0.2370546497993881,-1.2534408732464108
CLIENT_0840,64,1,1,20700,1800,2026-06-08,1,FIDÈLES,-0.3624482637370441,-1.3863977374394851
CLIENT_0841,68,1,1,25700,3100,2026-06-04,1,FIDÈLES,-0.31197622188707785,-1.3114438434366504
CLIENT_0842,70,1,1,78700,9900,2026-06-02,1,FIDÈLES,-0.01548650064535708,-0.9758186654504838
CLIENT_0843,61,1,1,12500,1100,2026-06-11,1,FIDÈLES,-0.4920962338827506,-1.5435083730997154
CLIENT_0844,40,1,1,57900,7500,2026-07-02,1,FIDÈLES,-0.04100784618448761,-1.1499524276522548
CLIENT_0845,42,1,1,55300,7200,2026-06-30,1,FIDÈLES,-0.057123908874505656,-1.157927581628445
CLIENT_0846,54,1,1,12600,1100,2026-06-18,1,FIDÈLES,-0.47669803188542975,-1.5606692551471328
CLIENT_0847,50,1,1,85100,10700,2026-06-22,1,FIDÈLES,0.04337799370096743,-1.0085058165595262
CLIENT_0848,46,1,1,14700,1300,2026-06-26,1,FIDÈLES,-0.42018538347911777,-1.5375086349456544
CLIENT_0849,33,1,1,11900,1100,2026-07-09,1,FIDÈLES,-0.45225206933546525,-1.6360569007823986
CLIENT_0850,44,1,1,14500,1300,2026-06-28,1,FIDÈLES,-0.4200720552231194,-1.547122870374477
CLIENT_0851,56,1,1,16300,1500,2026-06-16,1,FIDÈLES,-0.41140891529408824,-1.4791679884610678
CLIENT_0852,48,1,1,13900,1200,2026-06-24,1,FIDÈLES,-0.43898756876051676,-1.5484362378576315
CLIENT_0853,35,1,1,53800,6500,2026-07-07,1,FIDÈLES,-0.05124189719179602,-1.1855481746575096
CLIENT_0854,31,1,1,57700,7600,2026-07-11,1,FIDÈLES,-0.02488718156642371,-1.1760580157061544
CLIENT_0855,47,1,1,77100,9700,2026-06-25,1,FIDÈLES,0.02257227085840737,-1.0459826059277242
CLIENT_0856,41,1,1,89500,11800,2026-07-01,1,FIDÈLES,0.07395310538136553,-1.0187238137106458
CLIENT_0857,39,1,1,168700,21900,2026-07-03,1,FIDÈLES,0.24782086575163834,-0.8373560404142804
CLIENT_0858,11,1,1,43200,5300,2026-07-31,1,FIDÈLES,-0.06465365415811714,-1.317155294597962
CLIENT_0859,20,1,1,16100,1900,2026-07-22,1,FIDÈLES,-0.34652498324665143,-1.5831492812314254
CLIENT_0860,29,1,1,40200,5000,2026-07-13,1,FIDÈLES,-0.11806291903681937,-1.2882108335914249
CLIENT_0861,5,1,1,30700,3400,2026-08-06,1,FIDÈLES,-0.144935570767993,-1.43461348242946
CLIENT_0862,12,1,1,24800,2700,2026-07-30,1,FIDÈLES,-0.21545742638256632,-1.4780417086309225
CLIENT_0863,9,1,1,17600,1000,2026-08-02,1,FIDÈLES,-0.30178723391400597,-1.5875392295654458
CLIENT_0864,9,1,1,15600,900,2026-08-02,1,FIDÈLES,-0.334151591288691,-1.6231124803154013
CLIENT_0865,4,1,1,10800,500,2026-08-07,1,FIDÈLES,-0.4233383536779369,-1.7454890203660138
CLIENT_0866,25,1,1,12100,500,2026-07-17,1,FIDÈLES,-0.43262568622739656,-1.6534397818620592
CLIENT_0867,24,1,1,21500,2600,2026-07-18,1,FIDÈLES,-0.27650077362452263,-1.486704641751643
