CLIENT_ID,NOMBRE_OPERATIONS,NOMBRE_POLICES,PRIME_TTC_FCFA,COMMISSION_FCFA,PART_PRIMES_PCT,PART_CUMULEE_PCT
CLIENT_0555,6,5,679118400,69750100,35.36521129216898,35.36521129216898
CLIENT_0043,73,16,498522500,55394400,25.96064772564005,61.32585901780903
CLIENT_0157,65,37,118613300,16166500,6.176808663351526,67.50266768116056
CLIENT_0643,3,3,56565600,8561900,2.9456636661122917,70.44833134727286
CLIENT_0671,2,1,44397400,6737000,2.3120024900266922,72.76033383729954
CLIENT_0554,5,4,36480200,3614500,1.8997128939233319,74.66004673122288
CLIENT_0060,6,3,35846600,4803200,1.8667180613952803,76.52676479261815
CLIENT_0286,9,3,35433000,3463500,1.8451797679394693,78.37194456055762
CLIENT_0699,4,3,35177400,4923800,1.8318693525446301,80.20381391310225
CLIENT_0051,23,15,20982600,2300700,1.092672621532659,81.29648653463491
CLIENT_0289,15,3,17682300,1843700,0.9208089128957773,82.21729544753069
CLIENT_0190,11,5,17377600,1931700,0.9049416062807246,83.12223705381142
CLIENT_0076,14,10,16508000,2642000,0.8596570318388157,83.98189408565024
CLIENT_0593,1,1,14712700,1421200,0.7661664654915764,84.74806055114182
CLIENT_0834,1,1,10095800,999500,0.5257405780250978,85.27380112916691
CLIENT_0126,4,2,10064000,978400,0.5240845873773831,85.7978857165443
CLIENT_0484,1,1,9331300,933100,0.48592910474906353,86.28381482129336
CLIENT_0039,12,7,8237200,2567900,0.4289536529357095,86.71276847422907
CLIENT_0010,12,5,7968800,1099300,0.41497667526757653,87.12774514949665
CLIENT_0681,1,1,7810900,1120500,0.4067540047243643,87.53449915422101
CLIENT_0749,1,1,7665000,1162500,0.3991562363123651,87.93365539053337
CLIENT_0409,2,1,7128000,703300,0.37119186594057896,88.30484725647395
CLIENT_0050,156,4,6727200,897200,0.35032013475806156,88.65516739123201
CLIENT_0444,11,8,6345800,775200,0.3304586620210053,88.98562605325301
CLIENT_0167,6,3,6050800,976000,0.3150964846286834,89.3007225378817
CLIENT_0032,1,1,4765500,801300,0.24816425885800072,89.5488867967397
CLIENT_0300,5,3,4453500,612900,0.23191680344646026,89.78080360018616
CLIENT_0546,5,5,3983900,602700,0.20746230004498772,89.98826590023116
CLIENT_0584,3,3,3621100,389600,0.18856942561131182,90.17683532584246
CLIENT_0265,2,2,3476300,616200,0.18102893989467378,90.35786426573713
CLIENT_0240,17,8,3351800,449600,0.17454558028333791,90.53240984602047
CLIENT_0067,13,7,3128400,418000,0.16291198560725412,90.69532183162772
CLIENT_0236,8,5,3082900,411000,0.16054256502640446,90.85586439665413
CLIENT_0134,8,4,2688400,387700,0.13999890746277394,90.9958633041169
CLIENT_0077,5,1,2451400,324900,0.12765709037131528,91.12352039448821
CLIENT_0045,15,8,2344700,318000,0.12210066892127884,91.24562106340949
CLIENT_0099,4,3,2325000,279600,0.12107478792253734,91.36669585133203
CLIENT_0118,3,3,2324700,372600,0.12105916536925701,91.48775501670129
CLIENT_0308,8,4,2133200,296600,0.11108676885864802,91.59884178555993
CLIENT_0813,1,1,2105800,273800,0.10965990899237812,91.70850169455231
CLIENT_0027,8,3,2087800,281300,0.10872255579555848,91.81722425034786
CLIENT_0075,10,7,2009800,266900,0.10466069194267336,91.92188494229053
CLIENT_0790,1,1,1899200,298800,0.09890117729999266,92.02078611959053
CLIENT_0293,6,3,1586000,211400,0.08259123167533085,92.10337735126586
CLIENT_0100,4,4,1531400,207500,0.07974792697831126,92.18312527824418
CLIENT_0495,6,5,1525100,203700,0.07941985335942439,92.2625451316036
CLIENT_0111,11,3,1457500,192300,0.07589957135359061,92.33844470295719
CLIENT_0195,5,3,1431600,203100,0.07455082425372235,92.41299552721091
CLIENT_0059,13,4,1388600,181300,0.07231159161687542,92.48530711882779
CLIENT_0072,13,10,1385800,178900,0.07216578111959236,92.55747289994738
CLIENT_0068,3,1,1314500,177000,0.06845282095663455,92.62592572090402
CLIENT_0769,1,1,1304400,128700,0.06792686166286353,92.69385258256689
CLIENT_0417,2,1,1286100,180900,0.06697388591276356,92.76082646847965
CLIENT_0716,2,2,1284200,173600,0.06687494307532148,92.82770141155497
CLIENT_0621,3,2,1243800,165700,0.0647711059002374,92.8924725174552
CLIENT_0193,6,3,1236100,164200,0.06437012703270899,92.9568426444879
CLIENT_0216,6,5,1208900,160200,0.06295368220195931,93.01979632668987
CLIENT_0112,7,2,1179400,157700,0.06141746446272711,93.08121379115259
CLIENT_0387,6,4,1178000,157700,0.06134455921408559,93.14255835036668
CLIENT_0084,25,14,1177400,143000,0.061313314107524934,93.2038716644742
CLIENT_0676,2,1,1154500,154700,0.06012079254045994,93.26399245701467
CLIENT_0136,3,2,1132100,113700,0.058954308562195495,93.32294676557686
CLIENT_0295,4,3,1128000,148900,0.05874080033403102,93.3816875659109
CLIENT_0078,4,1,1116300,149400,0.05813152075609825,93.43981908666699
CLIENT_0824,1,1,1089500,146400,0.056735905996389,93.49655499266338
CLIENT_0534,1,1,1087400,1087400,0.05662654812342671,93.55318154078681
CLIENT_0320,5,5,1028500,158000,0.05355932016272243,93.60674086094953
CLIENT_0518,14,9,1026900,127900,0.053475999878560686,93.66021686082809
CLIENT_0319,1,1,989500,989500,0.051528388236279865,93.71174524906436
CLIENT_0811,2,1,986800,132900,0.05138778525675692,93.76313303432111
CLIENT_0263,5,2,983100,131800,0.05119510709963289,93.81432814142075
CLIENT_0547,4,2,918700,122000,0.047841465662122606,93.86216960708286
CLIENT_0242,7,2,879300,118100,0.04578970366463961,93.9079593107475
CLIENT_0153,3,1,875500,117100,0.04559181798975546,93.95355112873726
CLIENT_0250,8,4,866200,113500,0.04510751883806531,93.99865864757533
CLIENT_0418,5,2,857300,123000,0.044644049757415594,94.04330269733273
CLIENT_0160,2,2,851100,90800,0.04432118365628883,94.08762388098903
CLIENT_0085,14,6,825700,81800,0.04299847414522111,94.13062235513425
CLIENT_0037,5,3,820200,107800,0.042712060668415104,94.17333441580267
CLIENT_0175,4,3,809300,106800,0.04214444123256321,94.21547885703524
CLIENT_0667,1,1,793400,110000,0.04131644590870586,94.25679530294394
CLIENT_0135,4,2,754100,100600,0.03926989142898297,94.29606519437293
CLIENT_0268,34,17,751800,112600,0.03915011852050046,94.33521531289342
CLIENT_0213,6,5,751000,105800,0.039108458378419586,94.37432377127185
CLIENT_0362,5,3,748500,100200,0.03897827043441686,94.41330204170626
CLIENT_0567,1,1,740400,99200,0.03855646149584802,94.4518585032021
CLIENT_0224,5,4,737500,97400,0.03840544348080486,94.4902639466829
CLIENT_0431,3,2,736400,99100,0.038348160785443654,94.52861210746835
CLIENT_0201,7,5,729200,93800,0.0379732195067158,94.56658532697506
CLIENT_0350,3,1,714100,94200,0.03718688432493932,94.6037722113
CLIENT_0291,4,1,693000,96500,0.036088098077556294,94.63986030937755
CLIENT_0378,3,1,687300,92500,0.03579126956523007,94.67565157894278
CLIENT_0023,5,3,681000,89100,0.035463195946343194,94.71111477488913
CLIENT_0002,1,1,676500,114600,0.03522885764713829,94.74634363253627
CLIENT_0384,3,1,673300,90000,0.035062217078814795,94.78140584961508
CLIENT_0038,8,2,663000,88800,0.034525842749523555,94.8159316923646
CLIENT_0168,1,1,654200,64000,0.03406758118663395,94.84999927355123
CLIENT_0819,1,1,648900,87700,0.033791582745348166,94.88379085629659
CLIENT_0503,1,1,643500,96700,0.03351037678630227,94.91730123308288
CLIENT_0008,5,2,643300,83800,0.033499961750782056,94.95080119483366
CLIENT_0371,3,1,608000,80800,0.031661707981463526,94.98246290281513
CLIENT_0379,3,1,603100,89300,0.031406539611218184,95.01386944242634
CLIENT_0429,1,1,595700,79300,0.031021183296970106,95.04489062572331
CLIENT_0500,1,1,595600,80100,0.031015975779209996,95.07590660150252
CLIENT_0485,3,2,584200,78000,0.030422318754557552,95.10632892025708
CLIENT_0525,8,5,583700,77400,0.03039628116575701,95.13672520142285
CLIENT_0345,8,4,579000,88100,0.030151527831031876,95.16687672925389
CLIENT_0456,4,2,572500,74700,0.029813039176624787,95.19668976843052
CLIENT_0313,3,1,569300,76300,0.029646398608301296,95.22633616703882
CLIENT_0186,1,1,565600,95500,0.029453720451177258,95.25578988749
CLIENT_0260,3,1,564800,75500,0.02941206030909638,95.2852019477991
CLIENT_0139,5,2,560300,74600,0.029177722009891473,95.31437966980899
CLIENT_0174,5,5,557900,71300,0.02905274158364885,95.34343241139264
CLIENT_0640,2,1,529700,71300,0.02758422157529808,95.37101663296794
CLIENT_0041,1,1,519400,69700,0.027047847246006836,95.39806448021395
CLIENT_0252,3,1,506000,65600,0.026350039866152215,95.4244145200801
CLIENT_0206,4,2,504700,66600,0.026282342135270795,95.45069686221538
CLIENT_0401,3,1,504700,67600,0.026282342135270795,95.47697920435066
CLIENT_0343,3,1,502100,67100,0.02614694667350796,95.50312615102416
CLIENT_0200,3,1,490600,87500,0.02554808213109541,95.52867423315526
CLIENT_0194,11,5,472700,58200,0.02461593645203587,95.5532901696073
CLIENT_0489,2,1,463500,71900,0.02413684481810583,95.5774270144254
CLIENT_0469,4,3,463400,60900,0.02413163730034572,95.60155865172574
CLIENT_0227,3,1,459500,61700,0.023928544107701465,95.62548719583344
CLIENT_0532,5,3,458200,59400,0.02386084637682005,95.64934804221026
CLIENT_0094,6,2,456300,60500,0.023761903539377974,95.67310994574964
CLIENT_0011,3,1,455200,60600,0.023704620844016772,95.69681456659366
CLIENT_0053,3,3,453500,58300,0.02361609304209492,95.72043065963575
CLIENT_0372,3,1,445400,58400,0.02319428410352608,95.74362494373928
CLIENT_0015,7,3,445000,56400,0.023173454032485642,95.76679839777177
CLIENT_0368,6,2,441000,56700,0.022965153322081277,95.78976355109384
CLIENT_0196,3,1,440200,58700,0.022923493180000403,95.81268704427384
CLIENT_0462,2,1,439100,58400,0.0228662104846392,95.83555325475848
CLIENT_0095,5,1,437300,54300,0.02277247516495724,95.85832572992344
CLIENT_0233,5,2,436000,57400,0.02270477743407582,95.88103050735751
CLIENT_0284,2,2,430400,63500,0.02241315643950971,95.90344366379702
CLIENT_0264,6,3,426000,45700,0.022184025658064908,95.92562768945508
CLIENT_0577,2,1,425700,56400,0.02216840310478458,95.94779609255987
CLIENT_0309,3,1,424700,56600,0.022116327927183488,95.96991242048705
CLIENT_0678,4,2,423700,57000,0.022064252749582396,95.99197667323664
CLIENT_0061,8,1,417100,55600,0.021720556577415194,96.01369722981406
CLIENT_0101,5,1,416800,56000,0.021704934024134866,96.03540216383819
CLIENT_0754,1,1,416300,55900,0.02167889643533432,96.05708106027352
CLIENT_0483,2,1,414800,55300,0.021600783668932685,96.07868184394245
CLIENT_0199,2,2,404500,59300,0.021064409339641443,96.09974625328209
CLIENT_0543,2,1,399800,53500,0.020819656004916313,96.12056590928701
CLIENT_0275,4,1,390700,52400,0.02034577188874638,96.14091168117575
CLIENT_0302,4,2,390500,58700,0.020335356853226162,96.16124703802897
CLIENT_0052,3,2,384600,51600,0.020028113305379725,96.18127515133436
CLIENT_0004,3,3,384000,50400,0.01999686819881907,96.20127201953318
CLIENT_0545,4,4,374700,48900,0.01951256904712892,96.2207845885803
CLIENT_0580,4,1,371900,48600,0.019366758549845865,96.24015134713015
CLIENT_0569,4,2,371800,53200,0.019361551032085755,96.25951289816224
CLIENT_0501,1,1,364900,49200,0.019002232306638226,96.27851513046888
CLIENT_0292,1,1,361100,49100,0.01880434663175408,96.29731947710063
CLIENT_0791,1,1,354800,48000,0.018476273012867202,96.3157957501135
CLIENT_0129,4,1,347600,48400,0.018101331734139345,96.33389708184764
CLIENT_0022,3,2,347100,46000,0.0180752941453388,96.35197237599297
CLIENT_0318,5,5,346700,43800,0.018054464074298365,96.37002684006727
CLIENT_0526,2,1,341700,45700,0.017794088186292908,96.38782092825356
CLIENT_0222,3,2,329600,43200,0.017163978537319702,96.40498490679089
CLIENT_0595,2,2,329000,43400,0.017132733430759047,96.42211764022164
CLIENT_0321,3,2,327200,43500,0.01703899811107708,96.43915663833272
CLIENT_0380,3,1,326400,42600,0.01699733796899621,96.45615397630172
CLIENT_0433,2,1,323500,42600,0.016846319953953044,96.47300029625568
CLIENT_0783,1,1,323200,43400,0.016830697400672716,96.48983099365635
CLIENT_0123,1,1,319700,42000,0.016648434279068897,96.50647942793542
CLIENT_0047,4,2,316700,40700,0.016492208746265623,96.52297163668169
CLIENT_0490,3,2,314100,40400,0.016356813284502787,96.53932844996619
CLIENT_0705,1,1,311000,42000,0.016195380233939405,96.55552383020013
CLIENT_0548,2,2,310100,40700,0.016148512574098422,96.57167234277424
CLIENT_0133,5,2,307100,39900,0.015992287041295145,96.58766462981554
CLIENT_0480,4,3,302700,38200,0.015763156259850346,96.60342778607539
CLIENT_0056,4,2,302200,42100,0.0157371186710498,96.61916490474644
CLIENT_0389,2,2,301000,39500,0.01567462845792849,96.63483953320437
CLIENT_0058,2,1,300900,40100,0.01566942094016838,96.65050895414454
CLIENT_0115,5,3,299400,39600,0.015591308173766746,96.66610026231831
CLIENT_0312,6,2,299400,38500,0.015591308173766746,96.68169157049208
CLIENT_0098,3,1,297500,40000,0.01549236533632467,96.6971839358284
CLIENT_0599,2,1,295300,39000,0.015377799945602271,96.712561735774
CLIENT_0493,2,2,295100,38700,0.015367384910082051,96.72792912068408
CLIENT_0373,2,2,293800,38100,0.015299687179200631,96.74322880786328
CLIENT_0388,3,2,292500,37900,0.015231989448319215,96.7584607973116
CLIENT_0048,3,2,292200,40200,0.015216366895038887,96.77367716420663
CLIENT_0325,3,2,292000,39000,0.015205951859518669,96.78888311606615
CLIENT_0130,8,5,282900,34400,0.014732067743348736,96.8036151838095
CLIENT_0340,4,1,280100,36800,0.01458625724606568,96.81820144105556
CLIENT_0508,2,1,279200,37200,0.0145393895862247,96.83274083064178
CLIENT_0786,2,2,277700,16200,0.014461276819823062,96.84720210746161
CLIENT_0001,2,2,275900,36000,0.014367541500141098,96.86156964896175
CLIENT_0434,1,1,275400,37100,0.014341503911340554,96.87591115287309
CLIENT_0273,4,2,274200,33800,0.014279013698219241,96.8901901665713
CLIENT_0070,5,2,271500,35800,0.014138410718696296,96.90432857729
CLIENT_0327,5,2,271000,36100,0.01411237312989575,96.91844095041989
CLIENT_0033,2,1,270400,35200,0.014081128023335094,96.93252207844323
CLIENT_0073,14,7,268100,35300,0.013961355114852584,96.94648343355809
CLIENT_0335,1,1,267600,36100,0.01393531752605204,96.96041875108413
CLIENT_0249,3,1,267200,34100,0.013914487455011604,96.97433323853915
CLIENT_0065,2,1,266500,35800,0.01387803483069084,96.98821127336984
CLIENT_0487,3,2,266300,34900,0.01386761979517062,97.002078893165
CLIENT_0244,6,3,263500,34400,0.013721809297887565,97.0158007024629
CLIENT_0299,4,3,262900,34400,0.013690564191326911,97.02949126665422
CLIENT_0323,4,3,262500,33800,0.013669734120286473,97.0431610007745
CLIENT_0492,2,1,262300,34900,0.013659319084766256,97.05682031985927
CLIENT_0432,3,3,260400,36700,0.013560376247324183,97.0703806961066
CLIENT_0680,2,2,260100,36900,0.013544753694043855,97.08392544980065
CLIENT_0464,2,1,260100,34300,0.013544753694043855,97.0974702034947
CLIENT_0605,1,1,257100,34700,0.01338852816124058,97.11085873165594
CLIENT_0709,5,2,253600,31300,0.013206265039636761,97.12406499669558
CLIENT_0281,3,1,253100,33600,0.013180227450836215,97.13724522414641
CLIENT_0636,3,3,249700,31300,0.013003171846992503,97.1502483959934
CLIENT_0113,3,1,249700,36000,0.013003171846992503,97.16325156784039
CLIENT_0021,5,3,249300,30800,0.012982341775952068,97.17623390961634
CLIENT_0069,1,1,248400,32400,0.012935474116111087,97.18916938373245
CLIENT_0310,5,2,242900,31600,0.012649060639305083,97.20181844437175
CLIENT_0381,4,3,241500,31600,0.012576155390663557,97.21439459976241
CLIENT_0262,2,1,239300,31100,0.012461589999941155,97.22685618976236
CLIENT_0315,2,1,238300,32100,0.012409514822340064,97.2392657045847
CLIENT_0326,2,2,235400,31000,0.0122584968072969,97.25152420139199
CLIENT_0615,4,2,234800,30100,0.012227251700736245,97.26375145309272
CLIENT_0155,3,3,232800,29400,0.012123101345534062,97.27587455443826
CLIENT_0436,1,1,231400,31100,0.012050196096892535,97.28792475053515
CLIENT_0046,4,2,231300,28500,0.012044988579132424,97.29996973911429
CLIENT_0691,3,2,231300,30700,0.012044988579132424,97.31201472769342
CLIENT_0517,2,1,230600,33300,0.012008535954811661,97.32402326364823
CLIENT_0096,5,2,229600,29200,0.011956460777210569,97.33597972442544
CLIENT_0448,2,1,228000,30200,0.011873140493048823,97.3478528649185
CLIENT_0809,1,1,227900,30300,0.011867932975288714,97.35972079789379
CLIENT_0152,4,2,227600,28600,0.011852310422008386,97.3715731083158
CLIENT_0579,2,2,227400,30300,0.011841895386488168,97.38341500370228
CLIENT_0482,3,2,225200,29300,0.011727329995765767,97.39514233369805
CLIENT_0679,2,1,225000,29800,0.01171691496024555,97.4068592486583
CLIENT_0460,2,1,224600,29700,0.011696084889205113,97.4185553335475
CLIENT_0031,3,1,222000,28800,0.011560689427442275,97.43011602297494
CLIENT_0742,2,1,217300,28900,0.011315936092717145,97.44143195906766
CLIENT_0179,3,2,216000,17500,0.011248238361835727,97.45268019742949
CLIENT_0191,6,4,215300,28300,0.011211785737514964,97.463891983167
CLIENT_0398,2,1,214200,27800,0.011154503042153763,97.47504648620915
CLIENT_0105,3,1,212100,26500,0.01104514516919147,97.48609163137834
CLIENT_0391,2,2,211700,26700,0.011024315098151034,97.4971159464765
CLIENT_0744,1,1,210900,28000,0.01098265495607016,97.50809860143256
CLIENT_0214,2,2,209400,28100,0.010904542189668524,97.51900314362223
CLIENT_0125,3,1,209300,26200,0.010899334671908414,97.52990247829413
CLIENT_0624,3,2,208500,25900,0.010857674529827542,97.54076015282396
CLIENT_0741,1,1,208300,27700,0.010847259494307324,97.55160741231828
CLIENT_0551,1,1,208300,27900,0.010847259494307324,97.56245467181259
CLIENT_0453,2,1,207800,26900,0.010821221905506778,97.57327589371809
CLIENT_0092,4,2,206500,25100,0.01075352417462536,97.58402941789272
CLIENT_0823,1,1,205500,27600,0.01070144899702427,97.59473086688975
CLIENT_0282,3,1,204300,26500,0.010638958783902959,97.60536982567365
CLIENT_0171,1,1,204000,27100,0.010623336230622631,97.61599316190427
CLIENT_0064,8,2,203600,24500,0.010602506159582196,97.62659566806386
CLIENT_0714,1,1,203400,27000,0.010592091124061976,97.63718775918792
CLIENT_0237,2,1,203300,27300,0.010586883606301866,97.64777464279423
CLIENT_0226,3,1,203100,25500,0.01057646857078165,97.65835111136501
CLIENT_0246,4,4,201600,23600,0.010498355804380011,97.6688494671694
CLIENT_0338,3,1,201600,26200,0.010498355804380011,97.67934782297378
CLIENT_0682,2,2,200500,25800,0.010441073109018812,97.6897888960828
CLIENT_0727,1,1,199800,26600,0.010404620484698047,97.7001935165675
CLIENT_0267,2,2,199700,26100,0.010399412966937938,97.71059292953443
CLIENT_0544,2,2,197500,26200,0.010284847576215537,97.72087777711064
CLIENT_0204,3,1,197200,24700,0.010269225022935211,97.73114700213358
CLIENT_0294,5,1,197200,24900,0.010269225022935211,97.74141622715652
CLIENT_0685,1,1,196900,26000,0.010253602469654883,97.75166982962618
CLIENT_0553,2,1,196700,25600,0.010243187434134665,97.76191301706031
CLIENT_0645,2,2,196600,25000,0.010237979916374556,97.77215099697668
CLIENT_0591,1,1,196400,26400,0.010227564880854337,97.78237856185753
CLIENT_0026,5,1,195800,24200,0.010196319774293682,97.79257488163182
CLIENT_0572,2,1,195100,26100,0.010159867149972917,97.80273474878179
CLIENT_0014,5,2,194900,23900,0.0101494521144527,97.81288420089624
CLIENT_0394,3,1,194400,25900,0.010123414525652154,97.82300761542189
CLIENT_0437,1,1,193200,29000,0.010060924312530844,97.83306853973441
CLIENT_0730,1,1,192000,32000,0.009998434099409535,97.84306697383383
CLIENT_0141,4,2,189200,23500,0.00985262360212648,97.85291959743596
CLIENT_0145,3,1,188900,15300,0.009837001048846153,97.86275659848481
CLIENT_0336,3,1,187700,24400,0.009774510835724842,97.87253110932053
CLIENT_0176,3,2,187700,23500,0.009774510835724842,97.88230562015626
CLIENT_0042,3,2,187100,25100,0.009743265729164188,97.89204888588543
CLIENT_0170,6,2,185900,23200,0.009680775516042878,97.90172966140148
CLIENT_0412,2,1,183800,23200,0.009571417643080586,97.91130107904456
CLIENT_0568,3,2,183500,22600,0.009555795089800258,97.92085687413436
CLIENT_0711,1,1,182900,24300,0.009524549983239605,97.9303814241176
CLIENT_0753,1,1,181800,24000,0.009467267287878405,97.93984869140547
CLIENT_0270,1,1,180800,24100,0.009415192110277313,97.94926388351575
CLIENT_0706,1,1,180700,23900,0.009409984592517203,97.95867386810828
CLIENT_0035,5,1,180600,22200,0.009404777074757094,97.96807864518304
CLIENT_0208,3,1,179900,23000,0.009368324450436331,97.97744696963348
CLIENT_0403,2,1,179400,23000,0.009342286861635784,97.98678925649511
CLIENT_0013,6,3,178900,22200,0.009316249272835237,97.99610550576794
CLIENT_0802,1,1,178900,23800,0.009316249272835237,98.00542175504077
CLIENT_0535,3,1,178300,22100,0.009285004166274584,98.01470675920704
CLIENT_0296,3,2,176500,22400,0.00919126884659262,98.02389802805364
CLIENT_0511,3,2,176100,22300,0.009170438775552183,98.03306846682919
CLIENT_0259,7,5,175600,21200,0.009144401186751637,98.04221286801594
CLIENT_0188,4,1,174700,22900,0.009097533526910655,98.05131040154285
CLIENT_0374,3,2,174600,22200,0.009092326009150546,98.060402727552
CLIENT_0304,6,2,174500,22100,0.009087118491390437,98.0694898460434
CLIENT_0359,3,3,174200,22100,0.00907149593811011,98.07856134198151
CLIENT_0017,3,1,174100,21600,0.00906628842035,98.08762763040187
CLIENT_0245,2,1,172400,22300,0.008977760618428145,98.09660539102029
CLIENT_0342,6,2,171600,20300,0.008936100476347273,98.10554149149664
CLIENT_0110,1,1,170100,16600,0.008857987709945635,98.11439947920658
CLIENT_0674,4,2,169700,21800,0.0088371576389052,98.12323663684549
CLIENT_0857,1,1,168700,21900,0.008785082461304107,98.13202171930679
CLIENT_0810,1,1,168300,22400,0.00876425239026367,98.14078597169706
CLIENT_0256,3,1,167700,21600,0.008733007283703015,98.14951897898077
CLIENT_0700,1,1,167000,22400,0.008696554659382252,98.15821553364015
CLIENT_0269,5,1,165100,20600,0.008597611821940179,98.16681314546209
CLIENT_0024,9,1,164900,21500,0.00858719678641996,98.17540034224851
CLIENT_0238,3,2,163200,21100,0.008498668984498105,98.18389901123301
CLIENT_0063,3,2,162700,20000,0.00847263139569756,98.1923716426287
CLIENT_0231,4,3,161800,20500,0.008425763735856578,98.20079740636456
CLIENT_0773,1,1,161800,21400,0.008425763735856578,98.20922317010042
CLIENT_0618,2,2,160600,20500,0.008363273522735267,98.21758644362315
CLIENT_0514,2,2,160100,20100,0.008337235933934721,98.22592367955708
CLIENT_0524,3,1,159900,19900,0.008326820898414503,98.2342505004555
CLIENT_0253,2,1,158700,17400,0.008264330685293194,98.2425148311408
CLIENT_0365,3,2,158200,19700,0.008238293096492648,98.25075312423729
CLIENT_0560,1,1,158200,23200,0.008238293096492648,98.25899141733379
CLIENT_0688,1,1,156300,20500,0.008139350259050574,98.26713076759285
CLIENT_0202,1,1,155800,20200,0.00811331267025003,98.27524408026309
CLIENT_0148,2,2,153800,19100,0.008009162315047846,98.28325324257814
CLIENT_0158,5,1,153200,19400,0.007977917208487192,98.29123115978663
CLIENT_0414,1,1,152300,20000,0.007931049548646209,98.29916220933528
CLIENT_0317,3,2,152200,18000,0.0079258420308861,98.30708805136616
CLIENT_0138,3,1,151300,19300,0.007878974371045119,98.3149670257372
CLIENT_0363,2,2,151200,21400,0.00787376685328501,98.32284079259048
CLIENT_0668,2,2,151000,18500,0.007863351817764791,98.33070414440824
CLIENT_0007,5,1,150700,18600,0.007847729264484463,98.33855187367273
CLIENT_0479,1,1,150200,19800,0.007821691675683919,98.34637356534842
CLIENT_0396,3,2,149500,18000,0.0077852390513631535,98.35415880439977
CLIENT_0427,3,1,149300,18000,0.007774824015842936,98.36193362841561
CLIENT_0349,5,2,148600,18100,0.007738371391522171,98.36967199980714
CLIENT_0725,1,1,148300,19100,0.007722748838241844,98.37739474864539
CLIENT_0443,2,1,148100,18600,0.007712333802721625,98.3851070824481
CLIENT_0496,2,1,147100,18500,0.007660258625120535,98.39276734107322
CLIENT_0395,3,1,145600,17900,0.007582145858718898,98.40034948693194
CLIENT_0634,5,2,145300,18500,0.00756652330543857,98.40791601023739
CLIENT_0530,1,1,145200,21200,0.007561315787678461,98.41547732602507
CLIENT_0442,2,1,145000,18300,0.007550900752158242,98.42302822677723
CLIENT_0276,6,3,144300,17300,0.007514448127837479,98.43054267490507
CLIENT_0536,2,2,143900,18400,0.007493618056797042,98.43803629296187
CLIENT_0550,3,1,142800,17900,0.007436335361435842,98.4454726283233
CLIENT_0239,2,1,142500,19200,0.007420712808155514,98.45289334113146
CLIENT_0173,4,2,142400,17800,0.007415505290395406,98.46030884642185
CLIENT_0009,3,1,141300,17400,0.007358222595034204,98.46766706901688
CLIENT_0774,1,1,140800,18000,0.007332185006233658,98.47499925402312
CLIENT_0277,2,1,140400,19000,0.007311354935193222,98.48231060895831
CLIENT_0280,3,1,140100,17900,0.0072957323819128955,98.48960634134023
CLIENT_0561,3,2,139500,17200,0.007264487275352241,98.49687082861558
CLIENT_0785,3,2,139500,17200,0.007264487275352241,98.50413531589093
CLIENT_0074,11,1,138400,17300,0.00720720457999104,98.51134252047092
CLIENT_0723,2,2,138400,19100,0.00720720457999104,98.5185497250509
CLIENT_0143,6,2,138400,17300,0.00720720457999104,98.52575692963089
CLIENT_0413,1,1,137900,17700,0.007181166991190494,98.53293809662208
CLIENT_0297,8,1,137700,15600,0.007170751955670277,98.54010884857774
CLIENT_0019,2,2,137100,17600,0.007139506849109621,98.54724835542686
CLIENT_0272,1,1,136900,18000,0.007129091813589403,98.55437744724046
CLIENT_0531,2,1,136500,17700,0.007108261742548966,98.561485708983
CLIENT_0234,3,1,134200,17200,0.006988488834066456,98.56847419781707
CLIENT_0800,1,1,133400,17400,0.006946828691985583,98.57542102650905
CLIENT_0729,2,1,131800,17200,0.006863508407823837,98.58228453491687
CLIENT_0102,3,3,130900,10000,0.006816640747982855,98.58910117566485
CLIENT_0243,2,2,130700,16400,0.0068062257124626374,98.59590740137732
CLIENT_0306,2,1,130300,16400,0.0067853956414222006,98.60269279701873
CLIENT_0248,2,2,130200,17400,0.006780188123662091,98.60947298514239
CLIENT_0225,5,4,129700,14600,0.006754150534861544,98.61622713567725
CLIENT_0012,4,1,129300,16000,0.006733320463821109,98.62296045614107
CLIENT_0106,4,2,129000,16100,0.006717697910540782,98.62967815405162
CLIENT_0117,5,5,128700,12700,0.006702075357260454,98.63638022940887
CLIENT_0542,2,2,128600,16800,0.006696867839500345,98.64307709724837
CLIENT_0566,5,1,128200,16100,0.006676037768459908,98.64975313501682
CLIENT_0311,2,2,127800,16100,0.006655207697419472,98.65640834271424
CLIENT_0082,5,1,127200,15800,0.006623962590858817,98.66303230530511
CLIENT_0036,3,2,126700,14700,0.006597925002058271,98.66963023030716
CLIENT_0086,1,1,126500,16400,0.006587509966538054,98.6762177402737
CLIENT_0392,1,1,126300,16500,0.006577094931017834,98.68279483520472
CLIENT_0416,1,1,125400,18100,0.006530227271176852,98.68932506247589
CLIENT_0541,2,1,125300,15700,0.006525019753416744,98.6958500822293
CLIENT_0251,4,1,125100,14800,0.006514604717896526,98.70236468694719
CLIENT_0290,2,1,124600,16600,0.006488567129095979,98.70885325407629
CLIENT_0298,1,1,124500,18000,0.00648335961133587,98.71533661368763
CLIENT_0266,1,1,124000,16200,0.006457322022535325,98.72179393571017
CLIENT_0369,6,1,123600,14200,0.006436491951494888,98.72823042766166
CLIENT_0020,5,1,123400,15300,0.00642607691597467,98.73465650457763
CLIENT_0585,4,2,123000,14500,0.0064052468449342335,98.74106175142256
CLIENT_0044,1,1,122400,16600,0.006374001738373579,98.74743575316094
CLIENT_0400,3,2,122200,14800,0.00636358670285336,98.75379933986379
CLIENT_0793,1,1,121200,15400,0.006311511525252269,98.76011085138904
CLIENT_0664,1,1,120800,15500,0.006290681454211832,98.76640153284326
CLIENT_0446,3,2,120300,14800,0.006264643865411286,98.77266617670867
CLIENT_0210,2,2,119600,14700,0.0062281912410905235,98.77889436794976
CLIENT_0523,8,2,119200,14400,0.006207361170050087,98.78510172911982
CLIENT_0468,8,1,118700,14600,0.006181323581249541,98.79128305270106
CLIENT_0361,5,2,117700,14600,0.00612924840364845,98.79741230110471
CLIENT_0257,4,1,117000,13900,0.0060927957793276855,98.80350509688404
CLIENT_0223,5,1,116700,12500,0.006077173226047358,98.80958227011008
CLIENT_0454,2,1,116700,14400,0.006077173226047358,98.81565944333613
CLIENT_0520,2,2,116500,14400,0.006066758190527139,98.82172620152666
CLIENT_0235,2,1,116400,14400,0.006061550672767031,98.82778775219943
CLIENT_0029,4,2,115700,14100,0.006025098048446267,98.83381285024787
CLIENT_0081,2,1,115400,14900,0.006009475495165939,98.83982232574303
CLIENT_0025,2,1,115400,14200,0.006009475495165939,98.84583180123819
CLIENT_0221,4,2,114600,13700,0.005967815353085067,98.85179961659128
CLIENT_0376,2,1,113400,13800,0.005905325139963757,98.85770494173124
CLIENT_0122,2,1,113100,13900,0.005889702586683429,98.86359464431793
CLIENT_0178,4,2,112700,13900,0.005868872515642993,98.86946351683358
CLIENT_0586,2,1,111400,13600,0.005801174784761574,98.87526469161834
CLIENT_0594,2,1,111100,14300,0.005785552231481247,98.88105024384983
CLIENT_0558,2,1,110900,14200,0.005775137195961028,98.88682538104578
CLIENT_0156,4,1,110700,13700,0.00576472216044081,98.89259010320622
CLIENT_0704,2,1,110300,14000,0.005743892089400374,98.89833399529562
CLIENT_0476,2,1,110100,14100,0.005733477053880155,98.9040674723495
CLIENT_0341,4,1,110100,13000,0.005733477053880155,98.90980094940338
CLIENT_0689,1,1,109900,15900,0.005723062018359938,98.91552401142174
CLIENT_0283,4,2,109800,13800,0.005717854500599828,98.92124186592234
CLIENT_0131,2,1,109700,14900,0.005712646982839719,98.92695451290518
CLIENT_0080,2,1,109000,14000,0.005676194358518955,98.9326307072637
CLIENT_0740,1,1,108800,15700,0.005665779322998736,98.9382964865867
CLIENT_0218,2,2,108000,13200,0.0056241191809178635,98.94392060576762
CLIENT_0588,2,2,107600,13300,0.0056032891098774275,98.94952389487749
CLIENT_0509,3,3,107300,13200,0.0055876665565971,98.95511156143408
CLIENT_0533,4,1,107000,12600,0.005572044003316772,98.9606836054374
CLIENT_0540,6,1,106800,10800,0.005561628967796554,98.96624523440519
CLIENT_0217,2,2,106400,12900,0.005540798896756117,98.97178603330195
CLIENT_0765,1,1,105800,15300,0.005509553790195462,98.97729558709214
CLIENT_0486,2,1,105700,13600,0.005504346272435353,98.98279993336457
CLIENT_0352,4,2,105600,12200,0.005499138754675244,98.98829907211925
CLIENT_0305,4,1,105600,11700,0.005499138754675244,98.99379821087392
CLIENT_0279,17,4,104900,10300,0.00546268613035448,98.99926089700428
CLIENT_0422,2,1,104800,12800,0.005457478612594372,99.00471837561687
CLIENT_0364,3,1,104800,12300,0.005457478612594372,99.01017585422947
CLIENT_0034,5,3,104300,12500,0.005431441023793825,99.01560729525326
CLIENT_0649,2,1,104200,13400,0.005426233506033717,99.02103352875929
CLIENT_0229,1,1,104200,13500,0.005426233506033717,99.02645976226532
CLIENT_0782,1,1,104100,13700,0.005421025988273607,99.03188078825359
CLIENT_0463,2,1,103900,12900,0.005410610952753389,99.03729139920634
CLIENT_0205,3,2,103800,12100,0.00540540343499328,99.04269680264133
CLIENT_0596,4,1,103800,12300,0.00540540343499328,99.04810220607632
CLIENT_0683,2,1,103600,13100,0.005394988399473061,99.0534971944758
CLIENT_0578,4,1,103000,12400,0.005363743292912407,99.05886093776871
CLIENT_0211,1,1,102900,13400,0.005358535775152298,99.06421947354387
CLIENT_0337,2,1,102800,12500,0.005353328257392188,99.06957280180126
CLIENT_0505,2,2,102600,12700,0.00534291322187197,99.07491571502312
CLIENT_0459,2,2,101900,12900,0.005306460597551206,99.08022217562068
CLIENT_0198,1,1,100900,13100,0.005254385419950115,99.08547656104062
CLIENT_0166,2,1,100900,12300,0.005254385419950115,99.09073094646057
CLIENT_0344,2,1,100700,13000,0.0052439703844298965,99.095974916845
CLIENT_0713,1,1,99300,12800,0.005171065135788369,99.10114598198078
CLIENT_0420,1,1,98900,12500,0.005150235064747932,99.10629621704553
CLIENT_0557,2,1,98800,12600,0.005145027546987824,99.11144124459251
CLIENT_0513,4,2,98500,12000,0.005129404993707495,99.11657064958622
CLIENT_0654,2,2,97200,12200,0.005061707262826077,99.12163235684905
CLIENT_0119,1,1,95900,12300,0.004994009531944658,99.12662636638099
CLIENT_0606,2,1,95700,12200,0.00498359449642444,99.13160996087741
CLIENT_0635,3,1,95700,11700,0.00498359449642444,99.13659355537384
CLIENT_0241,2,1,95300,11600,0.004962764425384004,99.14155631979922
CLIENT_0435,1,1,94200,12100,0.004905481730022803,99.14646180152924
CLIENT_0399,2,2,94200,11300,0.004905481730022803,99.15136728325926
CLIENT_0556,2,1,93500,12000,0.0048690291057020395,99.15623631236497
CLIENT_0254,3,2,93300,11300,0.004858614070181821,99.16109492643515
CLIENT_0121,3,1,93000,10900,0.0048429915169014934,99.16593791795205
CLIENT_0407,1,1,92900,11900,0.004837783999141384,99.17077570195119
CLIENT_0071,1,1,92500,11700,0.004816953928100948,99.17559265587929
CLIENT_0620,6,1,92200,10400,0.0048013313748206205,99.1803939872541
CLIENT_0212,4,3,91500,10800,0.004764878750499857,99.18515886600461
CLIENT_0255,3,1,91500,10900,0.004764878750499857,99.18992374475512
CLIENT_0574,1,1,91400,12000,0.004759671232739748,99.19468341598785
CLIENT_0006,4,3,91400,9900,0.004759671232739748,99.19944308722059
CLIENT_0087,3,1,91400,10100,0.004759671232739748,99.20420275845332
CLIENT_0177,5,1,91300,11200,0.004754463714979638,99.2089572221683
CLIENT_0104,2,2,91000,7200,0.004738841161699311,99.21369606332999
CLIENT_0005,2,1,90000,11100,0.0046867659840982194,99.2183828293141
CLIENT_0057,1,1,90000,12300,0.0046867659840982194,99.2230695952982
CLIENT_0149,2,1,89700,11100,0.004671143430817892,99.22774073872901
CLIENT_0856,1,1,89500,11800,0.004660728395297674,99.2324014671243
CLIENT_0726,1,1,89300,11400,0.004650313359777456,99.23705178048408
CLIENT_0423,3,1,89000,10600,0.004634690806497128,99.24168647129058
CLIENT_0411,3,1,88800,11200,0.0046242757709769105,99.24631074706156
CLIENT_0559,2,1,87500,10900,0.0045565780400954915,99.25086732510165
CLIENT_0040,2,2,87100,10900,0.004535747969055055,99.25540307307071
CLIENT_0512,3,1,85600,9500,0.004457635202653418,99.25986070827337
CLIENT_0589,1,1,85300,11200,0.00444201264937309,99.26430272092274
CLIENT_0847,1,1,85100,10700,0.004431597613852872,99.2687343185366
CLIENT_0592,2,1,85100,10400,0.004431597613852872,99.27316591615046
CLIENT_0154,2,2,83900,10500,0.004369107400731563,99.2775350235512
CLIENT_0355,3,2,82800,9700,0.0043118247053703625,99.28184684825656
CLIENT_0722,1,1,82500,10400,0.004296202152090034,99.28614305040865
CLIENT_0743,2,2,82100,10000,0.004275372081049598,99.29041842248971
CLIENT_0820,1,1,81400,10300,0.004238919456728834,99.29465734194643
CLIENT_0054,7,6,81300,5200,0.004233711938968725,99.2988910538854
CLIENT_0146,3,2,80900,9000,0.004212881867928289,99.30310393575333
CLIENT_0570,3,1,80400,9900,0.004186844279127743,99.30729078003246
CLIENT_0163,2,2,80100,10200,0.004171221725847415,99.3114620017583
CLIENT_0539,1,1,79900,10200,0.004160806690327197,99.31562280844862
CLIENT_0093,2,1,79600,10200,0.00414518413704687,99.31976799258567
CLIENT_0354,5,2,79500,9200,0.004139976619286761,99.32390796920495
CLIENT_0147,1,1,79200,10100,0.004124354066006433,99.32803232327096
CLIENT_0003,2,1,78700,10700,0.004098316477205888,99.33213063974817
CLIENT_0842,1,1,78700,9900,0.004098316477205888,99.33622895622538
CLIENT_0314,2,1,78600,10100,0.004093108959445779,99.34032206518484
CLIENT_0232,2,2,78500,10300,0.0040879014416856695,99.34440996662651
CLIENT_0370,1,1,78300,10000,0.004077486406165451,99.34848745303267
CLIENT_0855,1,1,77100,9700,0.004014996193044141,99.35250244922572
CLIENT_0360,1,1,76600,9800,0.003988958604243596,99.35649140782996
CLIENT_0424,3,2,76300,9600,0.003973336050963268,99.36046474388093
CLIENT_0428,4,1,76200,8400,0.003968128533203159,99.36443287241413
CLIENT_0358,1,1,76000,9600,0.003957713497682941,99.36839058591181
CLIENT_0724,1,1,75600,17100,0.003936883426642505,99.37232746933846
CLIENT_0209,1,1,75200,9500,0.003916053355602068,99.37624352269405
CLIENT_0356,2,2,74400,9600,0.0038743932135211954,99.38011791590758
CLIENT_0506,5,5,74400,5500,0.0038743932135211954,99.3839923091211
CLIENT_0103,3,3,73900,5600,0.003848355624720649,99.38784066474582
CLIENT_0583,2,1,73900,8800,0.003848355624720649,99.39168902037055
CLIENT_0745,1,1,73700,9600,0.0038379405892004313,99.39552696095976
CLIENT_0333,2,2,73600,6000,0.0038327330714403216,99.39935969403119
CLIENT_0781,1,1,73500,9200,0.003827525553680213,99.40318721958486
CLIENT_0271,2,1,73400,8800,0.0038223180359201036,99.40700953762078
CLIENT_0712,1,1,73200,9200,0.003811903000399885,99.41082144062118
CLIENT_0759,1,1,72900,9400,0.003796280447119558,99.4146177210683
CLIENT_0120,1,1,72800,9200,0.003791072929359449,99.41840879399766
CLIENT_0833,1,1,72700,9100,0.0037858654115993395,99.42219465940926
CLIENT_0334,2,2,72500,6000,0.003775450376079121,99.42597010978534
CLIENT_0207,1,1,72400,9400,0.0037702428583190123,99.42974035264366
CLIENT_0648,2,1,72400,8400,0.0037702428583190123,99.43351059550199
CLIENT_0707,4,1,72300,9000,0.0037650353405589035,99.43727563084255
CLIENT_0750,2,1,72300,9300,0.0037650353405589035,99.44104066618311
CLIENT_0597,1,1,72100,8900,0.003754620305038685,99.44479528648816
CLIENT_0274,1,1,72000,9100,0.0037494127872785754,99.44854469927543
CLIENT_0107,2,2,71700,8100,0.003733790233998248,99.45227848950942
CLIENT_0687,1,1,71200,6400,0.003707752645197703,99.45598624215462
CLIENT_0288,1,1,70400,9200,0.003666092503116829,99.45965233465773
CLIENT_0062,1,1,70100,8800,0.003650469949836502,99.46330280460757
CLIENT_0666,1,1,69300,5600,0.0036088098077556295,99.46691161441532
CLIENT_0159,1,1,68600,8900,0.0035723571834348654,99.47048397159875
CLIENT_0803,1,1,68500,8600,0.003567149665674756,99.47405112126442
CLIENT_0091,1,1,68400,5600,0.003561942147914647,99.47761306341233
CLIENT_0527,9,1,68400,6500,0.003561942147914647,99.48117500556025
CLIENT_0339,1,1,68400,8600,0.003561942147914647,99.48473694770816
CLIENT_0408,2,2,67200,7400,0.0034994519347933376,99.48823639964296
CLIENT_0455,1,1,65200,8000,0.003395301579591155,99.49163170122254
CLIENT_0090,1,1,63900,5200,0.003327603848709736,99.49495930507125
CLIENT_0573,4,1,63100,6800,0.003285943706628863,99.49824524877788
CLIENT_0736,1,1,62600,8100,0.0032599061178283173,99.50150515489571
CLIENT_0515,3,1,62500,6300,0.0032546986000682077,99.50475985349578
CLIENT_0799,1,1,61900,7600,0.0032234534935075537,99.50798330698929
CLIENT_0779,1,1,61700,7900,0.003213038457987335,99.51119634544727
CLIENT_0397,1,1,61400,7700,0.003197415904707008,99.51439376135198
CLIENT_0720,1,1,60900,7800,0.0031713783159064615,99.5175651396679
CLIENT_0656,2,2,60800,7100,0.0031661707981463527,99.52073131046605
CLIENT_0721,2,1,59900,7300,0.0031193031383053705,99.52385061360435
CLIENT_0784,1,1,59600,400,0.0031036805850250433,99.52695429418938
CLIENT_0162,1,1,59000,7300,0.0030724354784643884,99.53002672966784
CLIENT_0137,4,2,58900,7100,0.0030672279607042796,99.53309395762854
CLIENT_0822,1,1,58800,7300,0.00306202044294417,99.53615597807148
CLIENT_0710,1,1,58400,4700,0.0030411903719037335,99.53919716844338
CLIENT_0772,1,1,58200,7200,0.0030307753363835155,99.54222794377976
CLIENT_0844,1,1,57900,7500,0.003015152783103188,99.54524309656287
CLIENT_0285,2,1,57900,7100,0.003015152783103188,99.54825824934598
CLIENT_0703,2,1,57900,7200,0.003015152783103188,99.55127340212908
CLIENT_0854,1,1,57700,7600,0.0030047377475829694,99.55427813987667
CLIENT_0203,1,1,57500,7200,0.0029943227120627514,99.55727246258874
CLIENT_0016,2,1,57500,6600,0.0029943227120627514,99.56026678530081
CLIENT_0083,3,3,57100,6700,0.002973492641022315,99.56324027794183
CLIENT_0826,1,1,56900,7000,0.0029630776055020965,99.56620335554733
CLIENT_0488,1,1,56900,7000,0.0029630776055020965,99.56916643315283
CLIENT_0673,2,1,56200,6000,0.0029266249811813324,99.57209305813402
CLIENT_0185,1,1,56200,5600,0.0029266249811813324,99.5750196831152
CLIENT_0497,2,2,56000,6200,0.0029162099456611144,99.57793589306087
CLIENT_0789,1,1,55700,7600,0.002900587392380787,99.58083648045324
CLIENT_0590,2,1,55700,6600,0.002900587392380787,99.58373706784562
CLIENT_0278,1,1,55500,6700,0.0028901723568605688,99.58662724020247
CLIENT_0845,1,1,55300,7200,0.0028797573213403507,99.58950699752381
CLIENT_0672,3,1,55200,6000,0.0028745498035802415,99.59238154732739
CLIENT_0316,1,1,54800,6500,0.0028537197325398046,99.59523526705993
CLIENT_0230,2,1,54400,6800,0.002832889661499368,99.59806815672144
CLIENT_0328,3,3,54000,6500,0.0028120595904589317,99.6008802163119
CLIENT_0853,1,1,53800,6500,0.0028016445549387137,99.60368186086683
CLIENT_0778,1,1,53700,6500,0.0027964370371786045,99.606478297904
CLIENT_0189,2,2,53500,5900,0.002786022001658386,99.60926431990566
CLIENT_0528,1,1,53400,6900,0.002780814483898277,99.61204513438956
CLIENT_0116,4,3,53200,6000,0.0027703994483780584,99.61481553383794
CLIENT_0632,3,1,53100,6400,0.0027651919306179496,99.61758072576856
CLIENT_0655,1,1,53100,6600,0.0027651919306179496,99.62034591769918
CLIENT_0626,1,1,53000,6500,0.0027599844128578404,99.62310590211204
CLIENT_0818,1,1,53000,6800,0.0027599844128578404,99.6258658865249
CLIENT_0734,2,2,52800,6800,0.002749569377337622,99.62861545590225
CLIENT_0475,1,1,52600,6400,0.002739154341817404,99.63135461024406
CLIENT_0415,2,1,52500,6300,0.0027339468240572947,99.63408855706811
CLIENT_0801,1,1,52400,6400,0.002728739306297186,99.6368172963744
CLIENT_0690,1,1,52300,6700,0.0027235317885370767,99.63954082816294
CLIENT_0108,1,1,52200,6400,0.0027183242707769675,99.64225915243371
CLIENT_0425,1,1,52100,6400,0.0027131167530168583,99.64497226918672
CLIENT_0498,1,1,52100,6300,0.0027131167530168583,99.64768538593974
CLIENT_0623,3,3,51900,5600,0.00270270171749664,99.65038808765723
CLIENT_0814,1,1,51700,6100,0.002692286681976422,99.65308037433921
CLIENT_0587,1,1,51300,6200,0.002671456610935985,99.65575183095015
CLIENT_0128,1,1,51100,6500,0.002661041575415767,99.65841287252557
CLIENT_0419,1,1,50900,6200,0.002650626539895549,99.66106349906546
CLIENT_0079,2,1,50700,5700,0.0026402115043753305,99.66370371056983
CLIENT_0835,1,1,50600,6500,0.0026350039866152213,99.66633871455645
CLIENT_0828,1,1,50000,6100,0.0026037588800545664,99.6689424734365
CLIENT_0220,1,1,49900,6400,0.002598551362294457,99.6715410247988
CLIENT_0357,2,1,49600,6200,0.00258292880901413,99.67412395360782
CLIENT_0575,1,1,49600,6300,0.00258292880901413,99.67670688241684
CLIENT_0552,1,1,49400,6100,0.002572513773493912,99.67927939619034
CLIENT_0351,1,1,49400,6300,0.002572513773493912,99.68185190996384
CLIENT_0837,1,1,49300,3800,0.0025673062557338027,99.68441921621957
CLIENT_0728,1,1,48900,6100,0.002546476184693366,99.68696569240426
CLIENT_0739,1,1,48900,5900,0.002546476184693366,99.68951216858895
CLIENT_0661,1,1,48800,6100,0.002541268666933257,99.69205343725588
CLIENT_0787,1,1,48600,6200,0.0025308536314130386,99.69458429088729
CLIENT_0529,1,1,48400,5900,0.00252043859589282,99.69710472948319
CLIENT_0393,2,2,48400,4100,0.00252043859589282,99.69962516807908
CLIENT_0404,2,1,48000,6500,0.0024996085248523837,99.70212477660394
CLIENT_0088,1,1,47900,5800,0.002494401007092275,99.70461917761104
CLIENT_0538,3,1,47700,5400,0.0024839859715720565,99.7071031635826
CLIENT_0030,1,1,47500,5900,0.002473570936051838,99.70957673451865
CLIENT_0644,1,1,47500,5700,0.002473570936051838,99.7120503054547
CLIENT_0461,2,1,47400,4900,0.002468363418291729,99.71451866887298
CLIENT_0445,1,1,47200,5800,0.002457948382771511,99.71697661725575
CLIENT_0457,2,1,47000,4900,0.0024475333472512924,99.719424150603
CLIENT_0719,1,1,45800,5500,0.002385043134129983,99.72180919373713
CLIENT_0735,1,1,45600,5900,0.0023746280986097646,99.72418382183574
CLIENT_0694,1,1,45500,5300,0.0023694205808496554,99.72655324241659
CLIENT_0630,1,1,45300,5400,0.002359005545329437,99.72891224796192
CLIENT_0426,1,1,45100,5600,0.002348590509809219,99.73126083847173
CLIENT_0641,1,1,45000,5500,0.0023433829920491097,99.73360422146378
CLIENT_0192,1,1,44600,6200,0.0023225529210086733,99.7359267743848
CLIENT_0377,2,1,44600,4900,0.0023225529210086733,99.73824932730581
CLIENT_0647,2,2,44600,3800,0.0023225529210086733,99.74057188022682
CLIENT_0421,1,1,44400,5200,0.0023121378854884553,99.7428840181123
CLIENT_0406,1,1,44200,6600,0.002301722849968237,99.74518574096227
CLIENT_0858,1,1,43200,5300,0.0022496476723671455,99.74743538863464
CLIENT_0307,4,2,42600,5100,0.0022184025658064906,99.74965379120044
CLIENT_0089,3,1,42400,4500,0.002207987530286272,99.75186177873073
CLIENT_0180,1,1,42100,5100,0.002192364977005945,99.75405414370773
CLIENT_0504,1,1,42100,5400,0.002192364977005945,99.75624650868474
CLIENT_0132,2,1,41500,5300,0.0021611198704452905,99.75840762855519
CLIENT_0755,3,3,41300,3200,0.002150704834925072,99.76055833339012
CLIENT_0447,2,1,41200,4800,0.002145497317164963,99.76270383070728
CLIENT_0124,1,1,40400,5400,0.0021038371750840895,99.76480766788237
CLIENT_0747,1,1,40300,5200,0.0020986296573239803,99.76690629753969
CLIENT_0860,1,1,40200,5000,0.0020934221395638715,99.76899971967926
CLIENT_0788,2,1,39800,4400,0.002072592068523435,99.77107231174779
CLIENT_0219,1,1,39100,4700,0.002036139444202671,99.77310845119199
CLIENT_0109,2,2,38900,3800,0.0020257244086824525,99.77513417560067
CLIENT_0491,1,1,38800,5100,0.0020205168909223433,99.77715469249159
CLIENT_0612,1,1,38400,2900,0.0019996868198819072,99.77915437931148
CLIENT_0507,3,3,37600,2800,0.001958026677801034,99.78111240598928
CLIENT_0692,1,1,37100,4400,0.0019319890890004885,99.78304439507828
CLIENT_0322,1,1,37000,5500,0.0019267815712403792,99.78497117664952
CLIENT_0324,1,1,36600,4300,0.0019059515001999426,99.78687712814973
CLIENT_0732,1,1,36600,4300,0.0019059515001999426,99.78878307964993
CLIENT_0478,2,2,36400,3300,0.0018955364646797246,99.7906786161146
CLIENT_0502,1,1,36300,3200,0.0018903289469196153,99.79256894506152
CLIENT_0616,2,2,36200,2400,0.0018851214291595061,99.79445406649067
CLIENT_0537,1,1,36200,3200,0.0018851214291595061,99.79633918791983
CLIENT_0410,1,1,36100,4000,0.001879913911399397,99.79821910183122
CLIENT_0385,1,1,36100,3200,0.001879913911399397,99.80009901574262
CLIENT_0761,3,2,35800,2700,0.0018642913581190697,99.80196330710073
CLIENT_0805,2,1,35500,2600,0.0018486688048387422,99.80381197590557
CLIENT_0522,1,1,35500,4100,0.0018486688048387422,99.80566064471041
CLIENT_0565,1,1,35300,5300,0.0018382537693185238,99.80749889847974
CLIENT_0494,1,1,34800,3100,0.0018122161805179783,99.80931111466025
CLIENT_0629,1,1,34400,3900,0.0017913861094775415,99.81110250076972
CLIENT_0562,1,1,34100,4200,0.0017757635561972145,99.81287826432592
CLIENT_0764,2,2,34000,2600,0.0017705560384371052,99.81464882036435
CLIENT_0777,2,1,34000,3600,0.0017705560384371052,99.81641937640279
CLIENT_0614,1,1,34000,3800,0.0017705560384371052,99.81818993244123
CLIENT_0613,1,1,33900,2500,0.001765348520676996,99.8199552809619
CLIENT_0695,1,1,33800,3800,0.0017601410029168868,99.82171542196483
CLIENT_0477,2,2,33200,2500,0.0017288958963562321,99.82344431786119
CLIENT_0839,1,1,32800,4000,0.0017080658253157957,99.8251523836865
CLIENT_0261,1,1,32100,2300,0.0016716132009950318,99.8268239968875
CLIENT_0758,2,1,31800,3600,0.0016559906477147043,99.82847998753522
CLIENT_0701,2,2,31500,2700,0.0016403680944343767,99.83012035562965
CLIENT_0516,2,1,31300,3500,0.0016299530589141587,99.83175030868856
CLIENT_0499,1,1,30900,2800,0.001609122987873722,99.83335943167643
CLIENT_0808,2,1,30800,2300,0.0016039154701136128,99.83496334714654
CLIENT_0861,1,1,30700,3400,0.001598707952353504,99.8365620550989
CLIENT_0797,1,1,30600,2700,0.0015935004345933948,99.83815555553349
CLIENT_0197,1,1,30500,3700,0.0015882929168332856,99.83974384845033
CLIENT_0402,2,2,30400,3100,0.0015830853990731763,99.8413269338494
CLIENT_0228,1,1,30300,3400,0.0015778778813130673,99.84290481173072
CLIENT_0127,3,3,30300,1900,0.0015778778813130673,99.84448268961204
CLIENT_0169,1,1,30200,3300,0.001572670363552958,99.8460553599756
CLIENT_0452,1,1,30200,3800,0.001572670363552958,99.84762803033915
CLIENT_0738,1,1,30000,2200,0.00156225532803274,99.84919028566719
CLIENT_0760,3,1,29700,2200,0.0015466327747524124,99.85073691844194
CLIENT_0607,1,1,29500,2600,0.0015362177392321942,99.85227313618117
CLIENT_0686,1,1,29200,2200,0.0015205951859518668,99.85379373136712
CLIENT_0677,1,1,29100,3200,0.0015153876681917578,99.85530911903531
CLIENT_0780,1,1,28600,3200,0.001489350079391212,99.85679846911471
CLIENT_0627,1,1,28600,3400,0.001489350079391212,99.8582878191941
CLIENT_0165,1,1,28200,3700,0.0014685200083507754,99.85975633920245
CLIENT_0697,1,1,28000,3400,0.0014581049728305572,99.86121444417527
CLIENT_0619,2,2,27600,1500,0.0014372749017901208,99.86265171907706
CLIENT_0830,1,1,27200,2400,0.001416444830749684,99.86406816390782
CLIENT_0386,1,1,27100,1900,0.001411237312989575,99.86547940122081
CLIENT_0662,1,1,27100,3000,0.001411237312989575,99.8668906385338
CLIENT_0603,1,1,27100,3200,0.001411237312989575,99.8683018758468
CLIENT_0332,1,1,26800,1900,0.0013956147597092477,99.86969749060651
CLIENT_0642,1,1,26600,2700,0.0013851997241890292,99.8710826903307
CLIENT_0806,2,1,26400,1900,0.001374784688668811,99.87245747501936
CLIENT_0831,1,1,26000,2300,0.0013539546176283745,99.87381142963699
CLIENT_0474,2,2,25800,2100,0.0013435395821081563,99.8751549692191
CLIENT_0841,1,1,25700,3100,0.001338332064348047,99.87649330128345
CLIENT_0752,1,1,25600,3200,0.001333124546587938,99.87782642583004
CLIENT_0675,1,1,25600,3000,0.001333124546587938,99.87915955037663
CLIENT_0151,1,1,25400,2800,0.0013227095110677199,99.8804822598877
CLIENT_0698,1,1,25400,2700,0.0013227095110677199,99.88180496939877
CLIENT_0807,2,1,25400,1800,0.0013227095110677199,99.88312767890984
CLIENT_0438,1,1,25400,2600,0.0013227095110677199,99.88445038842092
CLIENT_0301,1,1,25400,3400,0.0013227095110677199,99.88577309793199
CLIENT_0836,1,1,25400,2700,0.0013227095110677199,99.88709580744306
CLIENT_0601,1,1,25300,2900,0.0013175019933076106,99.88841330943637
CLIENT_0187,1,1,25100,2800,0.0013070869577873924,99.88972039639417
CLIENT_0827,1,1,25000,3400,0.0013018794400272832,99.89102227583419
CLIENT_0331,1,1,24900,1700,0.001296671922267174,99.89231894775645
CLIENT_0862,1,1,24800,2700,0.001291464404507065,99.89361041216095
CLIENT_0733,1,1,24600,2600,0.0012810493689868468,99.89489146152994
CLIENT_0439,1,1,24100,3300,0.0012550117801863009,99.89614647331013
CLIENT_0182,2,1,23800,1600,0.0012393892269059736,99.89738586253704
CLIENT_0776,1,1,23700,2900,0.0012341817091458644,99.89862004424619
CLIENT_0702,1,1,23400,2800,0.001218559155865537,99.89983860340205
CLIENT_0795,1,1,23400,2100,0.001218559155865537,99.9010571625579
CLIENT_0473,1,1,23200,2100,0.0012081441203453188,99.90226530667825
CLIENT_0144,1,1,23100,2400,0.0012029366025852097,99.90346824328083
CLIENT_0450,1,1,22900,1800,0.0011925215670649915,99.90466076484789
CLIENT_0181,1,1,22800,1500,0.0011873140493048823,99.9058480788972
CLIENT_0766,1,1,22700,2700,0.001182106531544773,99.90703018542874
CLIENT_0832,1,1,22700,2000,0.001182106531544773,99.90821229196028
CLIENT_0521,1,1,22500,2300,0.0011716914960245549,99.90938398345631
CLIENT_0660,1,1,22300,1400,0.0011612764605043366,99.91054525991682
CLIENT_0625,1,1,22200,3300,0.0011560689427442276,99.91170132885956
CLIENT_0608,1,1,22100,2000,0.0011508614249841184,99.91285219028455
CLIENT_0815,1,1,21900,2000,0.0011404463894639,99.91399263667402
CLIENT_0287,1,1,21900,2300,0.0011404463894639,99.9151330830635
CLIENT_0571,1,1,21800,2200,0.001135238871703791,99.91626832193519
CLIENT_0746,1,1,21700,2200,0.0011300313539436817,99.91739835328913
CLIENT_0796,1,1,21700,1900,0.0011300313539436817,99.91852838464307
CLIENT_0471,1,1,21700,1900,0.0011300313539436817,99.919658415997
CLIENT_0825,1,1,21600,2400,0.0011248238361835727,99.92078323983318
CLIENT_0639,1,1,21600,1400,0.0011248238361835727,99.92190806366936
CLIENT_0215,1,1,21500,2800,0.0011196163184234637,99.92302767998778
CLIENT_0867,1,1,21500,2600,0.0011196163184234637,99.9241472963062
CLIENT_0609,1,1,21200,1900,0.001103993765143136,99.92525129007134
CLIENT_0812,1,1,21000,2000,0.0010935787296229179,99.92634486880097
CLIENT_0696,1,1,20900,1300,0.0010883712118628089,99.92743324001283
CLIENT_0840,1,1,20700,1800,0.0010779561763425906,99.92851119618918
CLIENT_0472,1,1,20600,1800,0.0010727486585824814,99.92958394484776
CLIENT_0829,1,1,20600,2000,0.0010727486585824814,99.93065669350635
CLIENT_0669,1,1,20500,1800,0.0010675411408223722,99.93172423464718
CLIENT_0049,1,1,20500,2100,0.0010675411408223722,99.932791775788
CLIENT_0756,1,1,20400,2400,0.0010623336230622632,99.93385410941107
CLIENT_0390,1,1,20300,1600,0.001057126105302154,99.93491123551638
CLIENT_0804,1,1,20300,1900,0.001057126105302154,99.93596836162169
CLIENT_0018,1,1,20300,2100,0.001057126105302154,99.937025487727
CLIENT_0581,1,1,20100,2000,0.0010467110697819357,99.93807219879677
CLIENT_0715,1,1,20100,1800,0.0010467110697819357,99.93911890986655
CLIENT_0731,1,1,20000,2000,0.0010415035520218267,99.94016041341857
CLIENT_0631,1,1,19900,1300,0.0010362960342617175,99.94119670945283
CLIENT_0465,1,1,19900,2700,0.0010362960342617175,99.94223300548708
CLIENT_0519,2,1,19700,2200,0.0010258809987414993,99.94325888648582
CLIENT_0183,1,1,19600,1300,0.00102067348098139,99.9442795599668
CLIENT_0430,1,1,19400,2900,0.0010102584454611716,99.94528981841226
CLIENT_0470,1,1,19400,1300,0.0010102584454611716,99.94630007685772
CLIENT_0628,1,1,19400,2200,0.0010102584454611716,99.94731033530319
CLIENT_0748,1,1,19100,2200,0.0009946358921808444,99.94830497119537
CLIENT_0767,1,1,19000,1200,0.0009894283744207352,99.9492943995698
CLIENT_0637,1,1,19000,1200,0.0009894283744207352,99.95028382794422
CLIENT_0602,1,1,18800,2000,0.000979013338900517,99.95126284128312
CLIENT_0510,1,1,18700,1200,0.0009738058211404078,99.95223664710427
CLIENT_0622,1,1,18500,1700,0.0009633907856201896,99.95320003788989
CLIENT_0650,1,1,18300,1600,0.0009529757500999713,99.95415301363998
CLIENT_0775,1,1,18200,1600,0.0009477682323398623,99.95510078187232
CLIENT_0611,1,1,18200,2300,0.0009477682323398623,99.95604855010465
CLIENT_0467,1,1,18100,1200,0.0009425607145797531,99.95699111081923
CLIENT_0768,1,1,18000,1200,0.0009373531968196438,99.95792846401605
CLIENT_0617,1,1,17900,1900,0.0009321456790595348,99.95886060969511
CLIENT_0366,1,1,17700,2000,0.0009217306435393165,99.95978234033865
CLIENT_0863,1,1,17600,1000,0.0009165231257792073,99.96069886346443
CLIENT_0466,1,1,17500,1100,0.0009113156080190983,99.96161017907245
CLIENT_0576,1,1,17400,1100,0.0009061080902589892,99.96251628716271
CLIENT_0161,1,1,17300,1600,0.00090090057249888,99.96341718773522
CLIENT_0172,1,1,17200,2200,0.0008956930547387707,99.96431288078996
CLIENT_0481,1,1,17100,1600,0.0008904855369786617,99.96520336632695
CLIENT_0659,1,1,16900,1100,0.0008800705014584434,99.9660834368284
CLIENT_0258,1,1,16400,2000,0.0008540329126578978,99.96693746974105
CLIENT_0838,1,1,16400,1900,0.0008540329126578978,99.96779150265371
CLIENT_0792,1,1,16300,1400,0.0008488253948977887,99.96864032804861
CLIENT_0851,1,1,16300,1500,0.0008488253948977887,99.9694891534435
CLIENT_0604,1,1,16200,1500,0.0008436178771376795,99.97033277132064
CLIENT_0859,1,1,16100,1900,0.0008384103593775703,99.97117118168002
CLIENT_0600,1,1,15800,1700,0.000822787806097243,99.97199396948612
CLIENT_0582,1,1,15800,2000,0.000822787806097243,99.97281675729222
CLIENT_0382,1,1,15700,1800,0.0008175802883371339,99.97363433758056
CLIENT_0140,1,1,15700,1500,0.0008175802883371339,99.9744519178689
CLIENT_0864,1,1,15600,900,0.0008123727705770247,99.97526429063949
CLIENT_0708,1,1,15600,1800,0.0008123727705770247,99.97607666341007
CLIENT_0651,1,1,15100,1400,0.000786335181776479,99.97686299859184
CLIENT_0658,1,1,15000,900,0.00078112766401637,99.97764412625585
CLIENT_0693,1,1,15000,1700,0.00078112766401637,99.97842525391987
CLIENT_0663,1,1,15000,800,0.00078112766401637,99.97920638158388
CLIENT_0440,1,1,14900,1400,0.0007759201462562608,99.97998230173013
CLIENT_0549,1,1,14900,1900,0.0007759201462562608,99.98075822187639
CLIENT_0449,1,1,14800,1100,0.0007707126284961516,99.98152893450488
CLIENT_0598,1,1,14700,1300,0.0007655051107360425,99.98229443961561
CLIENT_0848,1,1,14700,1300,0.0007655051107360425,99.98305994472635
CLIENT_0653,1,1,14500,1300,0.0007550900752158243,99.98381503480157
CLIENT_0028,1,1,14500,1300,0.0007550900752158243,99.98457012487678
CLIENT_0850,1,1,14500,1300,0.0007550900752158243,99.985325214952
CLIENT_0247,3,2,14100,2900,0.0007342600041753877,99.98605947495618
CLIENT_0665,1,1,14100,1300,0.0007342600041753877,99.98679373496036
CLIENT_0383,1,1,13900,1600,0.0007238449686551695,99.98751757992902
CLIENT_0652,1,1,13900,1200,0.0007238449686551695,99.98824142489768
CLIENT_0646,1,1,13900,800,0.0007238449686551695,99.98896526986634
CLIENT_0852,1,1,13900,1200,0.0007238449686551695,99.989689114835
CLIENT_0633,1,1,13800,1500,0.0007186374508950604,99.9904077522859
CLIENT_0757,1,1,13800,700,0.0007186374508950604,99.9911263897368
CLIENT_0348,1,1,13800,700,0.0007186374508950604,99.99184502718771
CLIENT_0114,1,1,13600,1700,0.000708222415374842,99.99255324960308
CLIENT_0638,1,1,13500,600,0.0007030148976147329,99.99325626450069
CLIENT_0751,1,1,13400,1200,0.0006978073798546238,99.99395407188054
CLIENT_0657,1,1,13000,1500,0.0006769773088141873,99.99463104918935
CLIENT_0816,1,1,12900,1200,0.0006717697910540782,99.9953028189804
CLIENT_0610,1,1,12900,600,0.0006717697910540782,99.99597458877146
CLIENT_0142,2,1,12900,900,0.0006717697910540782,99.99664635856251
CLIENT_0097,1,1,12700,600,0.0006613547555338599,99.99730771331805
CLIENT_0846,1,1,12600,1100,0.0006561472377737507,99.99796386055583
CLIENT_0055,1,1,12600,700,0.0006561472377737507,99.9986200077936
CLIENT_0843,1,1,12500,1100,0.0006509397200136416,99.99927094751362
CLIENT_0798,1,1,12400,1100,0.0006457322022535325,99.99991667971588
CLIENT_0763,1,1,12100,700,0.000630109648973205,100.00054678936485
CLIENT_0866,1,1,12100,500,0.000630109648973205,100.00117689901381
CLIENT_0794,1,1,12100,600,0.000630109648973205,100.00180700866278
CLIENT_0849,1,1,11900,1100,0.0006196946134529868,100.00242670327623
CLIENT_0817,1,1,11600,1000,0.0006040720601726594,100.0030307753364
CLIENT_0771,1,1,11400,1000,0.0005936570246524412,100.00362443236105
CLIENT_0441,1,1,11200,1400,0.0005832419891322229,100.00420767435018
CLIENT_0770,1,1,11200,1000,0.0005832419891322229,100.00479091633932
CLIENT_0375,1,1,11100,800,0.0005780344713721138,100.00536895081069
CLIENT_0718,1,1,11000,500,0.0005728269536120046,100.0059417777643
CLIENT_0865,1,1,10800,500,0.0005624119180917864,100.0065041896824
CLIENT_0762,1,1,10700,500,0.0005572044003316773,100.00706139408274
CLIENT_0717,1,1,10500,500,0.0005467893648114589,100.00760818344754
CLIENT_0367,1,1,10100,1100,0.0005259592937710224,100.00813414274131
CLIENT_0684,1,1,9900,900,0.0005155442582508041,100.00864968699956
CLIENT_0670,1,1,9700,900,0.0005051292227305858,100.00915481622229
CLIENT_0821,1,1,8200,700,0.0004270164563289489,100.00958183267862
CLIENT_0150,1,1,7400,0,0.0003853563142480758,100.00996718899287
CLIENT_0405,1,1,6800,1000,0.000354111207687421,100.01032130020056
CLIENT_0164,1,1,100,0,5.207517760109133e-06,100.01032650771832
CLIENT_0346,1,1,0,0,0.0,100.01032650771832
CLIENT_0329,1,1,0,0,0.0,100.01032650771832
CLIENT_0330,1,1,0,0,0.0,100.01032650771832
CLIENT_0303,1,1,0,0,0.0,100.01032650771832
CLIENT_0347,1,1,0,0,0.0,100.01032650771832
CLIENT_0451,1,1,0,0,0.0,100.01032650771832
CLIENT_0458,1,1,0,0,0.0,100.01032650771832
CLIENT_0737,1,1,0,0,0.0,100.01032650771832
CLIENT_0184,1,1,0,0,0.0,100.01032650771832
CLIENT_0066,1,1,0,0,0.0,100.01032650771832
CLIENT_0563,2,1,-400,-100,-2.0830071040436533e-05,100.01030567764728
CLIENT_0353,1,1,-23500,-3500,-0.0012237666736256462,100.00908191097365
CLIENT_0564,1,1,-174400,-17400,-0.009081910973630328,100.00000000000001
